Día,Impr.,Usuarios únicos,Clics,Coste,Resultados
2025-01-14,48563,--,793,288204,21
2024-11-29,47686,--,1702,336146,11
2024-01-21,47419,--,438,201875,17
2024-01-27,47247,--,403,176778,10
2024-01-25,45915,--,427,189345,13
2024-01-17,44950,--,449,198283,22
2023-08-15,44380,--,1939,310388,37
2025-01-08,37493,--,1348,362500,10
2024-01-26,36810,--,410,163959,10
2024-01-09,36275,--,423,190242,22
2024-01-18,35600,--,448,196377,23
2026-05-23,35374,--,169,115982,1
2024-01-24,34756,--,410,191014,18
2024-01-02,34059,--,452,236642,23
2024-01-28,32603,--,371,178007,10
2023-08-13,30135,--,959,303359,42
2024-11-02,29557,--,832,414241,20
2024-11-03,29459,--,798,449370,29
2023-12-01,28737,--,483,251907,18
2023-11-20,27638,--,598,313333,16
2024-11-23,26985,--,1148,621610,41
2023-11-18,26661,--,525,319353,20
2023-08-17,26297,--,858,292448,22
2024-01-20,25021,--,381,187175,17
2026-05-24,24442,--,208,130916,2
2026-05-21,23685,--,129,94495,0
2025-01-11,23449,--,646,361617,14
2026-05-22,23349,--,134,89336,0
2024-11-04,23173,--,745,433743,42
2024-01-08,22753,--,400,196338,5
2023-10-14,22076,--,430,252906,10
2026-05-10,21713,--,659,140912,2
2023-10-09,21061,--,552,254437,21
2025-01-19,20853,--,1047,192320,26
2023-11-19,20677,--,550,329276,18
2024-11-05,20428,--,671,437658,23
2023-10-10,20250,--,674,208866,9
2023-08-04,20189,--,826,252682,8
2023-08-19,19997,--,817,329221,9
2026-03-14,19753,--,1318,277724,0
2024-01-23,19576,--,412,177241,16
2024-01-29,19493,--,407,193680,23
2025-10-30,19136,--,1066,609045,0
2024-11-17,18823,--,680,412672,20
2024-01-10,18481,--,389,205035,26
2024-01-30,18257,--,366,167345,20
2024-02-01,18105,--,301,246977,20
2024-11-07,17676,--,622,432792,20
2025-01-18,17106,--,876,212772,16
2026-03-08,17070,--,938,321095,0
2023-08-18,17015,--,819,269355,16
2024-12-05,16988,--,701,507332,20
2025-10-25,16908,--,818,403883,3
2024-11-30,16654,--,830,742444,47
2025-01-20,16457,--,422,205496,18
2024-11-06,16437,--,592,406829,12
2024-11-12,16277,--,575,409838,19
2024-11-01,16174,--,588,389852,15
2024-11-11,15641,--,631,404030,13
2025-01-16,15450,--,611,245454,20
2023-08-12,15399,--,587,308298,30
2024-01-19,15267,--,423,200419,20
2024-01-22,15261,--,367,191722,17
2023-08-03,15158,--,767,242692,38
2026-03-12,15068,--,883,292691,0
2024-12-08,14896,--,480,460165,19
2025-01-15,14892,--,669,243115,15
2023-09-04,14859,--,682,347430,15
2024-01-13,14823,--,420,188403,26
2024-02-03,14805,--,413,261882,34
2025-10-27,14731,--,852,552521,3
2024-02-02,14722,--,397,274324,17
2023-07-29,14614,--,667,230426,20
2023-07-16,14527,--,606,258436,21
2023-06-09,14418,--,669,309154,8
2024-08-02,14219,--,439,236557,3
2023-08-24,14164,--,624,276555,26
2025-01-10,13955,--,475,445753,30
2024-01-16,13922,--,379,177835,21
2024-11-16,13859,--,576,399472,24
2023-08-05,13800,--,591,236582,19
2023-11-05,13754,--,535,344122,19
2023-07-25,13719,--,681,240804,16
2024-01-03,13475,--,417,216227,19
2025-10-28,13470,--,816,631009,3
2024-02-15,13374,--,385,310600,11
2023-08-22,13099,--,628,260259,26
2026-03-07,13054,--,783,455368,0
2024-01-12,13010,--,424,215886,15
2026-05-19,12974,--,189,89965,1
2023-06-12,12922,--,812,378991,13
2026-05-15,12788,--,1011,101254,1
2026-05-20,12743,--,175,85389,1
2024-12-04,12673,--,572,489769,22
2023-11-22,12656,--,592,339615,51
2023-07-23,12533,--,659,210635,28
2025-01-17,12460,--,533,206125,10
2023-08-20,12431,--,647,256765,25
2026-03-10,12378,--,629,316437,0
2025-10-31,12345,--,720,543257,1
2026-02-13,12134,--,780,412433,1
2023-06-13,12086,--,739,317450,24
2023-09-08,12053,--,561,282901,10
2024-01-14,11998,--,371,172772,17
2023-08-01,11993,--,664,269608,25
2025-10-24,11957,--,759,505082,0
2023-06-14,11954,--,728,296354,13
2024-05-20,11810,--,469,408006,33
2024-11-14,11777,--,547,417929,27
2024-08-04,11698,--,475,221179,14
2023-10-15,11650,--,422,236897,11
2025-01-09,11627,--,384,330539,14
2024-11-10,11563,--,525,365413,30
2025-07-27,11427,--,466,462427,1
2025-10-17,11210,--,380,102635,2
2025-10-21,11186,--,664,625085,3
2023-10-13,11184,--,451,256367,8
2026-03-11,11178,--,741,281213,0
2025-10-23,11170,--,630,450448,1
2026-05-13,11126,--,442,109839,0
2026-05-17,11092,--,379,116654,0
2023-08-21,11088,--,650,280519,28
2023-07-13,11048,--,683,262036,13
2026-03-05,11033,--,568,253280,0
2025-10-26,10910,--,716,556537,0
2024-11-15,10897,--,514,407922,17
2023-09-06,10753,--,603,308647,14
2023-08-10,10652,--,573,245207,10
2025-07-26,10637,--,508,512429,2
2023-08-02,10528,--,654,238299,29
2024-01-01,10518,--,243,160024,5
2023-07-20,10431,--,471,226863,14
2024-11-24,10381,--,500,499142,22
2025-11-14,10314,--,667,389073,1
2025-10-22,10302,--,584,610336,1
2024-08-18,10299,--,527,198407,17
2024-08-03,10279,--,410,244675,8
2024-11-08,10275,--,478,378620,12
2023-09-03,10193,--,593,290522,18
2024-06-24,10173,--,607,295459,19
2023-10-12,10145,--,481,267601,23
2023-11-25,10109,--,513,307926,41
2026-05-08,10088,--,273,132161,0
2025-10-29,9952,--,644,519153,2
2026-02-20,9952,--,443,578718,1
2024-12-02,9901,--,569,422026,85
2024-10-27,9880,--,397,225683,10
2024-08-05,9866,--,383,218667,8
2023-09-19,9785,--,496,280340,8
2023-08-25,9767,--,553,252678,14
2026-02-27,9757,--,678,743294,0
2023-11-21,9748,--,590,316874,22
2023-06-25,9719,--,558,224383,13
2025-12-13,9698,--,778,463496,1
2026-02-18,9655,--,374,350843,0
2024-11-09,9599,--,490,427838,9
2023-11-24,9571,--,603,308096,64
2024-05-21,9386,--,423,408714,15
2024-08-07,9372,--,486,225205,26
2024-10-31,9346,--,335,185106,28
2023-11-04,9335,--,548,390831,15
2023-08-08,9332,--,618,241072,23
2023-07-22,9324,--,614,164545,20
2024-11-18,9250,--,356,244285,12
2025-10-19,9234,--,525,364018,3
2023-11-26,9214,--,615,299772,58
2025-12-09,9147,--,839,405710,3
2023-08-23,9118,--,625,266628,18
2025-12-12,9079,--,757,443123,3
2023-11-06,9057,--,547,338857,21
2025-12-20,8985,--,953,419931,1
2026-03-02,8982,--,530,324156,1
2024-12-06,8959,--,486,444750,16
2023-06-04,8929,--,497,259542,11
2023-06-02,8918,--,618,303353,15
2025-01-13,8857,--,330,155938,12
2025-12-25,8788,--,690,465191,2
2024-08-08,8767,--,464,218398,24
2023-06-05,8765,--,646,299743,20
2025-11-08,8760,--,592,393136,1
2026-02-11,8668,--,412,355091,0
2024-01-15,8643,--,410,214800,21
2024-10-24,8608,--,324,211370,18
2025-12-14,8599,--,788,498797,2
2024-08-06,8588,--,403,231276,12
2024-07-07,8586,--,393,237535,13
2025-08-24,8574,--,480,367131,2
2023-06-08,8554,--,548,290082,17
2025-12-08,8491,--,681,368306,1
2024-11-21,8459,--,378,108666,2
2025-12-17,8448,--,873,408601,3
2023-12-03,8446,--,488,297747,19
2023-07-10,8341,--,646,245748,26
2026-02-23,8324,--,352,578194,0
2023-09-05,8312,--,603,319824,24
2026-03-13,8300,--,615,299796,0
2023-07-28,8279,--,547,206189,8
2023-09-01,8277,--,455,221515,12
2025-11-03,8270,--,747,334218,3
2023-11-30,8268,--,603,265838,12
2025-11-02,8217,--,676,329777,1
2024-09-03,8198,--,429,273895,13
2024-12-07,8143,--,446,430781,16
2023-09-10,8102,--,483,277313,13
2024-05-27,8046,--,498,360628,19
2026-02-21,7987,--,387,510780,1
2026-03-25,7945,--,291,345656,0
2024-08-19,7937,--,543,222370,18
2024-10-12,7934,--,301,186388,10
2024-01-04,7930,--,439,220059,16
2024-06-11,7924,--,470,307436,17
2023-11-23,7904,--,541,313721,27
2023-07-26,7888,--,574,219575,5
2023-09-02,7866,--,484,234090,5
2024-01-06,7852,--,345,209765,22
2023-09-07,7848,--,532,257750,10
2023-09-09,7798,--,467,239067,13
2023-08-06,7795,--,526,269701,16
2024-01-05,7792,--,381,215420,13
2026-05-09,7791,--,192,82420,0
2026-05-11,7785,--,169,73755,1
2025-10-20,7773,--,565,456611,0
2023-06-15,7738,--,570,258737,9
2024-10-02,7719,--,358,265672,5
2023-09-23,7715,--,457,230302,6
2023-06-27,7682,--,670,260671,42
2023-06-03,7661,--,520,283688,19
2026-02-15,7637,--,472,553752,1
2023-07-24,7631,--,654,303061,10
2025-11-17,7626,--,598,407411,2
2023-06-21,7606,--,582,278848,15
2025-12-18,7602,--,876,391264,1
2023-08-07,7593,--,587,259131,19
2026-03-26,7581,--,260,344385,0
2026-02-22,7552,--,435,711987,0
2024-10-17,7550,--,395,220979,25
2023-07-21,7548,--,540,212179,19
2023-07-15,7544,--,515,207836,10
2023-06-19,7493,--,583,325333,8
2024-08-12,7469,--,411,243942,16
2023-07-31,7465,--,578,190050,14
2023-06-01,7458,--,536,223563,6
2023-07-07,7443,--,591,250723,13
2026-03-09,7442,--,423,264885,0
2023-08-09,7441,--,554,240689,38
2025-11-28,7430,--,842,690461,11
2025-12-21,7429,--,786,364675,1
2026-03-17,7415,--,422,318910,0
2026-05-16,7412,--,317,81297,0
2023-11-03,7352,--,503,291425,17
2024-06-15,7350,--,449,250651,8
2023-06-16,7348,--,545,290973,9
2024-09-20,7332,--,270,220707,9
2025-12-22,7330,--,847,437618,2
2024-10-16,7310,--,397,219480,28
2026-05-26,7300,--,125,72159,1
2024-10-15,7299,--,309,237650,8
2025-12-10,7281,--,719,387986,3
2023-06-18,7278,--,386,215324,10
2024-06-17,7247,--,532,292053,18
2025-12-15,7203,--,718,455384,1
2023-06-30,7190,--,548,207306,13
2025-12-05,7189,--,743,447695,1
2025-12-11,7189,--,663,333664,0
2025-11-01,7176,--,538,305630,1
2025-11-09,7165,--,568,410641,1
2023-07-27,7158,--,530,201097,11
2025-12-03,7122,--,705,303989,0
2024-01-11,7112,--,367,190741,13
2026-03-24,7089,--,292,270066,1
2023-12-07,7082,--,413,223595,13
2023-06-17,7072,--,499,243545,9
2024-06-29,7066,--,490,284944,16
2024-07-09,7030,--,463,273182,9
2024-06-13,7023,--,431,270479,12
2026-03-22,7021,--,361,364877,1
2023-09-20,7002,--,459,243231,8
2024-07-08,7001,--,552,360440,2
2023-12-06,6992,--,453,251635,10
2025-08-23,6986,--,442,250563,4
2025-11-07,6981,--,522,247136,1
2023-07-09,6980,--,552,200696,23
2024-05-28,6969,--,444,333822,29
2025-12-19,6969,--,714,373129,3
2024-11-13,6966,--,486,429251,44
2024-07-26,6944,--,392,236897,7
2025-12-04,6930,--,765,394431,1
2024-10-21,6920,--,393,251271,16
2023-09-13,6916,--,504,250754,13
2024-06-22,6912,--,502,255303,14
2024-09-22,6909,--,397,253354,10
2023-06-10,6840,--,549,251226,17
2023-09-18,6833,--,501,292839,21
2023-07-17,6825,--,663,271173,27
2023-06-20,6820,--,550,290338,7
2024-10-28,6819,--,427,205088,10
2024-07-10,6810,--,372,249999,13
2023-08-11,6809,--,454,237449,34
2024-10-25,6792,--,361,194432,20
2024-06-07,6785,--,372,288852,9
2026-02-09,6771,--,308,382284,0
2024-06-27,6770,--,476,264415,18
2024-06-10,6729,--,486,306578,21
2023-07-06,6722,--,618,239917,14
2023-11-17,6707,--,497,301845,10
2025-12-26,6699,--,599,566406,4
2026-02-26,6674,--,413,456138,1
2026-03-23,6655,--,335,353956,0
2023-06-28,6649,--,601,234862,20
2023-12-09,6638,--,487,300980,16
2024-07-24,6635,--,459,274159,36
2024-10-18,6611,--,288,192494,17
2023-09-24,6610,--,406,222457,7
2024-10-26,6598,--,364,195940,16
2023-11-02,6597,--,624,387872,15
2023-09-17,6580,--,427,217707,15
2023-10-08,6580,--,460,282731,17
2025-11-15,6538,--,626,368068,1
2025-11-29,6525,--,778,665211,7
2024-02-16,6505,--,379,260449,25
2023-07-30,6497,--,541,195757,16
2025-08-03,6496,--,466,296698,2
2025-08-02,6483,--,389,231394,0
2023-11-07,6472,--,616,336552,26
2026-01-31,6458,--,309,352846,1
2026-02-28,6444,--,480,413178,0
2023-09-12,6441,--,492,243292,6
2024-07-12,6437,--,412,238267,8
2025-12-07,6406,--,518,297316,2
2026-02-17,6404,--,273,335337,0
2024-07-06,6371,--,464,251523,13
2025-11-26,6356,--,678,659581,7
2025-12-30,6341,--,446,330926,2
2024-08-22,6313,--,396,223634,14
2024-10-10,6280,--,334,212383,11
2023-06-29,6274,--,610,259925,20
2023-09-11,6267,--,517,239781,5
2023-10-07,6261,--,472,276359,27
2024-07-11,6237,--,323,249883,19
2024-12-09,6229,--,265,257402,12
2025-07-30,6226,--,433,238631,3
2024-06-12,6210,--,434,302205,13
2026-03-16,6197,--,346,315850,0
2026-03-06,6196,--,317,231233,0
2023-11-16,6151,--,632,331028,14
2024-06-06,6131,--,444,332063,9
2025-12-06,6124,--,586,329888,0
2024-10-23,6122,--,344,218899,14
2024-09-23,6112,--,349,281496,11
2023-06-24,6107,--,534,265663,16
2023-07-19,6105,--,517,232235,21
2025-11-10,6097,--,483,284702,0
2023-06-06,6095,--,545,248219,12
2026-03-18,6086,--,256,288532,0
2026-02-12,6081,--,372,324985,2
2024-09-13,6072,--,356,225702,7
2024-10-20,6070,--,387,200118,13
2023-11-29,6066,--,628,301870,11
2025-12-27,6065,--,561,486073,1
2023-06-26,6049,--,642,255933,30
2025-08-04,6048,--,387,312375,2
2023-08-26,6042,--,462,233565,12
2023-12-10,6005,--,498,281158,14
2024-06-20,5984,--,442,286279,11
2023-07-05,5980,--,615,245523,13
2025-07-28,5979,--,401,279894,1
2026-05-18,5972,--,158,62118,0
2026-03-20,5968,--,279,274411,1
2024-05-31,5953,--,501,349319,18
2023-07-12,5948,--,669,250991,8
2024-06-26,5948,--,495,290490,31
2024-03-01,5947,--,450,209458,9
2024-06-14,5947,--,438,287451,15
2026-03-30,5945,--,280,306781,2
2023-12-13,5934,--,449,278905,22
2023-12-12,5931,--,470,246866,26
2024-02-14,5931,--,417,308620,23
2024-10-29,5922,--,323,201187,11
2025-11-27,5918,--,667,784427,9
2023-06-22,5912,--,603,262039,15
2025-10-18,5908,--,345,269528,3
2023-12-31,5897,--,231,145467,9
2023-12-02,5894,--,464,236329,12
2023-12-05,5891,--,510,254085,11
2025-11-16,5882,--,507,348957,2
2025-11-25,5875,--,621,394262,7
2023-11-08,5864,--,639,366585,26
2026-03-15,5861,--,372,320523,1
2024-07-14,5860,--,311,228593,15
2026-03-04,5855,--,316,281741,2
2025-08-08,5839,--,417,257064,3
2025-11-22,5824,--,520,330794,0
2023-12-08,5808,--,401,251541,24
2023-08-27,5797,--,466,304384,27
2026-03-19,5793,--,270,232073,0
2023-08-31,5788,--,500,247743,9
2023-11-13,5785,--,491,340733,7
2023-06-23,5756,--,531,191834,17
2023-08-14,5734,--,602,222068,29
2024-07-31,5718,--,400,216309,12
2024-10-30,5717,--,379,201231,8
2026-04-02,5715,--,335,246694,1
2023-07-04,5711,--,624,250575,27
2026-03-21,5697,--,292,277327,0
2025-08-09,5688,--,387,261434,2
2025-07-31,5687,--,405,233631,1
2024-09-28,5665,--,290,192466,5
2025-11-13,5657,--,419,240557,1
2024-09-05,5650,--,280,298058,10
2023-10-03,5643,--,465,230005,18
2023-06-11,5636,--,414,221142,16
2024-05-24,5634,--,409,363826,24
2024-10-22,5632,--,398,211113,23
2023-06-07,5618,--,510,252396,24
2024-06-21,5590,--,470,275005,17
2024-06-28,5582,--,449,245935,9
2023-09-16,5568,--,404,208598,7
2023-10-25,5567,--,621,302107,34
2025-11-06,5567,--,473,273462,2
2025-08-07,5563,--,403,232213,1
2025-11-30,5559,--,675,631650,4
2024-07-27,5545,--,387,226911,3
2024-09-24,5541,--,333,239595,6
2024-05-23,5539,--,352,340561,21
2024-06-16,5509,--,393,260115,17
2023-10-18,5496,--,546,299850,24
2023-12-04,5494,--,491,268844,19
2023-11-12,5493,--,476,321775,23
2024-07-02,5469,--,385,235734,18
2024-09-10,5440,--,388,248346,17
2023-08-30,5438,--,566,269455,21
2024-07-23,5427,--,379,279355,16
2026-05-14,5417,--,332,98997,0
2024-07-29,5409,--,407,282682,26
2023-10-11,5389,--,497,252096,21
2025-07-29,5388,--,444,281181,3
2025-12-29,5370,--,492,347568,6
2023-07-18,5369,--,581,241766,22
2024-06-09,5355,--,416,301907,14
2026-01-02,5354,--,341,324974,0
2023-11-28,5325,--,627,288568,11
2025-11-05,5324,--,411,304336,4
2025-12-24,5308,--,459,207208,0
2026-02-19,5289,--,267,290478,0
2024-08-28,5286,--,424,230645,28
2023-10-17,5261,--,527,278013,11
2023-10-02,5254,--,364,206893,19
2023-07-08,5246,--,466,228709,17
2024-07-05,5233,--,379,244073,11
2025-12-16,5232,--,617,395898,1
2026-03-01,5231,--,363,326635,1
2025-08-06,5219,--,379,214009,4
2024-05-19,5214,--,415,345271,20
2023-08-28,5210,--,565,284135,38
2024-09-18,5202,--,317,265909,11
2026-04-08,5198,--,404,230310,0
2023-09-14,5197,--,476,234416,6
2024-09-06,5192,--,419,278652,6
2025-11-11,5183,--,429,285529,3
2026-05-04,5183,--,300,90727,0
2023-09-21,5160,--,433,267718,11
2025-08-15,5156,--,380,236773,3
2023-09-22,5144,--,392,197518,4
2023-10-26,5140,--,532,278535,15
2026-05-27,5132,--,117,85900,0
2023-07-03,5125,--,442,148387,12
2024-08-09,5097,--,301,198438,16
2024-06-30,5084,--,383,262799,7
2024-09-19,5083,--,296,260897,8
2023-08-29,5080,--,544,237002,8
2026-02-10,5080,--,265,298253,0
2023-11-09,5077,--,615,326645,11
2026-02-16,5072,--,269,340567,0
2024-07-16,5068,--,359,259992,10
2025-12-28,5068,--,558,396614,2
2026-02-25,5059,--,204,208693,0
2023-09-28,5015,--,418,209034,4
2025-11-12,5011,--,427,259427,2
2024-05-26,5006,--,413,357196,17
2024-07-25,5004,--,367,296658,8
2026-04-04,4991,--,434,307755,1
2024-06-08,4984,--,462,331270,16
2024-07-13,4984,--,391,245441,5
2025-08-05,4981,--,386,233222,2
2024-09-02,4977,--,361,247795,13
2025-08-10,4977,--,401,238991,5
2024-01-31,4967,--,327,162718,24
2023-12-20,4957,--,467,247125,6
2025-12-23,4939,--,545,291242,2
2023-09-15,4934,--,411,231528,7
2026-03-29,4922,--,249,231602,0
2024-05-29,4920,--,473,336629,19
2023-09-30,4915,--,385,211121,16
2024-09-30,4913,--,397,235239,17
2024-06-25,4909,--,483,251136,17
2025-08-12,4900,--,359,216877,5
2026-02-07,4895,--,326,353684,1
2023-10-19,4894,--,495,283310,9
2024-09-09,4856,--,431,274409,6
2024-09-16,4844,--,434,250327,18
2023-09-26,4834,--,400,226101,5
2025-08-19,4821,--,455,267285,1
2025-09-07,4818,--,389,255797,2
2024-07-28,4815,--,381,271862,5
2023-11-15,4814,--,525,315978,14
2024-08-13,4810,--,333,225175,14
2024-09-08,4803,--,398,288025,11
2024-08-15,4802,--,349,226212,13
2023-09-27,4801,--,510,211343,14
2023-11-27,4798,--,594,300898,35
2024-08-10,4796,--,430,256866,19
2025-09-06,4739,--,393,225289,2
2025-11-19,4731,--,460,295464,4
2023-10-04,4726,--,455,268019,12
2026-01-17,4714,--,546,418353,1
2024-08-31,4704,--,405,204324,26
2024-08-23,4697,--,413,205676,25
2026-01-26,4689,--,562,403274,2
2024-05-25,4687,--,437,355410,20
2025-07-25,4685,--,365,258914,0
2024-06-23,4681,--,438,227003,10
2024-09-21,4664,--,350,198973,12
2023-11-11,4662,--,514,293437,13
2024-05-30,4662,--,461,342477,18
2025-11-20,4658,--,450,290897,1
2024-10-13,4654,--,238,194630,9
2026-02-08,4653,--,309,307010,1
2024-05-22,4647,--,347,384281,20
2023-12-11,4645,--,453,272407,20
2024-07-20,4640,--,368,263053,15
2023-12-21,4634,--,406,244636,5
2023-12-26,4632,--,419,224258,24
2025-11-23,4630,--,465,268460,3
2026-04-05,4622,--,373,247392,0
2026-02-05,4612,--,309,453678,1
2026-01-04,4598,--,542,496037,1
2024-09-17,4597,--,324,256138,8
2024-08-20,4584,--,398,226324,22
2024-08-11,4572,--,338,208038,21
2025-11-24,4572,--,588,312933,14
2023-10-24,4571,--,589,284525,36
2025-11-04,4551,--,500,299399,2
2026-03-31,4544,--,240,266524,0
2023-07-14,4537,--,549,183509,10
2026-02-06,4536,--,330,426822,0
2024-08-29,4530,--,376,202052,13
2023-12-17,4528,--,435,266179,11
2024-08-25,4526,--,418,190615,28
2025-08-20,4512,--,442,226855,1
2023-11-10,4509,--,577,307278,21
2023-10-16,4506,--,475,310023,17
2024-07-03,4505,--,435,262711,10
2024-10-06,4484,--,270,216811,7
2026-01-27,4484,--,542,447321,2
2023-12-19,4470,--,480,257456,28
2025-08-18,4468,--,406,218741,2
2026-01-09,4464,--,585,369594,5
2024-09-14,4443,--,371,231556,10
2026-01-11,4442,--,437,331337,2
2023-10-27,4435,--,518,235692,28
2024-07-15,4422,--,312,247797,24
2024-05-11,4419,--,372,324514,9
2025-11-18,4415,--,510,296215,8
2023-11-14,4414,--,525,339854,11
2026-04-06,4388,--,289,274453,1
2026-02-24,4383,--,271,237289,0
2026-01-08,4376,--,640,390036,2
2026-05-28,4365,--,143,90265,0
2025-08-16,4364,--,408,237534,3
2026-02-14,4357,--,333,284298,0
2024-08-30,4348,--,387,195960,27
2024-07-18,4343,--,329,232850,9
2024-08-01,4336,--,307,189807,9
2026-05-31,4330,--,166,91754,1
2026-01-13,4329,--,579,450433,3
2025-08-27,4317,--,382,200774,1
2026-01-21,4312,--,586,421680,2
2024-06-18,4310,--,407,274682,10
2024-12-03,4310,--,518,384763,68
2024-09-15,4298,--,324,218904,9
2023-10-28,4292,--,473,265402,22
2023-09-29,4288,--,377,175804,12
2024-10-11,4263,--,357,230517,7
2026-01-12,4253,--,523,398274,3
2024-07-17,4237,--,338,258867,30
2026-03-03,4221,--,354,276599,0
2026-01-14,4219,--,538,438274,3
2024-02-12,4213,--,405,241093,16
2025-08-21,4212,--,402,155172,5
2023-12-28,4208,--,431,198000,17
2024-07-30,4203,--,341,275538,14
2024-09-11,4196,--,347,269468,5
2023-07-01,4179,--,378,120096,5
2023-10-05,4162,--,421,235451,14
2026-01-07,4155,--,554,369590,4
2024-07-04,4151,--,469,247804,17
2026-01-05,4147,--,473,413091,2
2025-08-31,4130,--,366,234663,2
2026-01-10,4117,--,491,367742,2
2025-08-14,4112,--,385,227599,1
2023-10-21,4110,--,427,230007,15
2024-10-08,4103,--,268,219166,5
2026-01-20,4092,--,549,383442,5
2024-08-26,4087,--,368,236423,22
2023-12-18,4085,--,465,253230,23
2026-01-23,4081,--,516,356899,3
2026-01-30,4081,--,282,299214,3
2025-12-02,4079,--,664,256451,12
2024-07-21,4075,--,390,257195,20
2026-01-03,4074,--,445,416393,1
2023-10-20,4070,--,397,245831,9
2024-09-04,4058,--,332,261348,8
2023-12-24,4051,--,263,189860,5
2023-09-25,4050,--,432,276884,7
2024-09-12,4049,--,366,260927,9
2025-12-31,4049,--,278,222346,6
2025-08-13,4044,--,296,256730,1
2026-05-25,4040,--,84,50903,0
2025-09-09,4029,--,366,184464,2
2023-12-16,4027,--,447,288601,10
2024-06-19,4026,--,432,272498,14
2023-12-29,4014,--,350,189580,6
2026-05-07,4011,--,161,79454,2
2026-01-15,4004,--,451,372670,0
2026-01-28,4001,--,517,372103,4
2023-10-30,3973,--,522,282010,39
2025-08-26,3971,--,368,208589,2
2023-10-22,3957,--,431,285776,16
2023-12-30,3948,--,341,182649,12
2024-08-27,3936,--,397,220361,16
2025-08-25,3932,--,436,329611,5
2024-09-07,3924,--,361,203017,5
2023-10-06,3917,--,376,209875,7
2025-08-22,3917,--,343,136835,3
2023-07-02,3914,--,366,105957,5
2026-03-28,3914,--,185,240753,0
2023-10-29,3908,--,421,302179,13
2024-02-13,3902,--,372,217116,12
2026-01-22,3900,--,460,378435,0
2026-04-03,3896,--,223,308925,0
2023-07-11,3894,--,518,207096,9
2024-08-24,3887,--,360,201516,20
2024-10-14,3867,--,332,226207,11
2025-08-29,3857,--,403,200951,4
2024-07-22,3851,--,376,295058,8
2023-12-23,3848,--,353,200082,13
2025-07-15,3836,--,344,200383,4
2025-08-17,3835,--,339,180377,1
2025-09-13,3823,--,364,189514,1
2025-08-30,3815,--,391,191304,4
2026-05-29,3809,--,153,93017,0
2024-01-07,3798,--,309,202763,10
2026-01-29,3795,--,402,322421,2
2025-11-21,3783,--,416,238917,4
2025-09-12,3754,--,336,168321,0
2026-01-24,3754,--,469,282469,2
2024-10-19,3749,--,371,191981,32
2026-02-04,3744,--,272,415642,0
2026-01-16,3722,--,500,346556,2
2025-07-22,3709,--,327,149533,4
2026-01-25,3701,--,496,297477,1
2023-12-27,3696,--,438,213895,6
2024-08-21,3684,--,369,207192,19
2026-01-06,3674,--,539,352937,3
2023-12-14,3669,--,424,267051,11
2025-09-02,3664,--,371,191242,2
2025-08-11,3635,--,371,235180,6
2025-09-03,3605,--,353,148820,2
2024-08-14,3583,--,357,215077,10
2026-01-18,3557,--,492,363781,5
2024-08-16,3546,--,329,209345,20
2024-08-17,3514,--,317,214874,14
2024-10-09,3481,--,271,219354,7
2025-09-08,3471,--,328,182846,1
2025-08-01,3464,--,220,119890,2
2025-09-10,3464,--,351,181379,2
2025-07-21,3448,--,342,158246,1
2025-09-26,3441,--,334,146575,1
2025-09-14,3431,--,371,152540,2
2026-02-03,3430,--,245,297244,1
2026-03-27,3430,--,195,284083,1
2024-02-19,3418,--,364,227590,12
2025-07-20,3414,--,341,158640,2
2024-06-05,3391,--,378,292553,25
2024-10-04,3362,--,269,236368,10
2026-01-19,3336,--,503,306590,4
2025-07-23,3328,--,311,181664,3
2026-04-30,3323,--,257,194718,0
2024-10-07,3311,--,303,234283,12
2023-12-15,3299,--,384,203121,8
2023-12-22,3297,--,361,192347,16
2026-04-09,3285,--,245,210540,2
2025-09-05,3268,--,330,148474,2
2024-03-09,3265,--,405,255757,20
2024-03-04,3260,--,425,224288,12
2025-07-24,3256,--,335,167691,5
2024-03-30,3254,--,539,204474,17
2023-08-16,3249,--,482,204496,36
2024-03-02,3220,--,409,219013,14
2024-04-08,3192,--,399,213150,17
2025-08-28,3191,--,367,224806,7
2025-12-01,3184,--,507,333188,13
2024-05-12,3178,--,306,320178,24
2024-02-29,3134,--,409,225940,10
2024-02-17,3106,--,360,213668,19
2023-11-01,3102,--,423,278632,23
2026-04-10,3094,--,263,259328,1
2024-09-25,3092,--,341,244713,17
2025-09-15,3091,--,359,175889,4
2026-05-30,3077,--,130,69205,0
2025-09-11,3074,--,316,186132,3
2024-02-28,3069,--,415,268431,14
2024-04-16,3064,--,380,224652,23
2024-05-13,3029,--,375,340890,19
2024-04-15,3026,--,362,203331,13
2024-03-31,2978,--,488,216134,21
2024-05-14,2975,--,364,362022,18
2025-09-17,2965,--,362,288414,2
2025-09-27,2964,--,298,97669,1
2025-09-04,2954,--,346,139383,3
2024-05-15,2939,--,391,340215,18
2024-09-27,2934,--,358,191755,11
2024-04-11,2930,--,371,225336,14
2024-04-22,2917,--,364,202525,12
2024-05-18,2895,--,382,345896,17
2024-04-01,2885,--,468,238536,25
2023-12-25,2878,--,269,194303,19
2026-04-22,2877,--,375,258282,0
2024-09-26,2871,--,309,255691,14
2024-02-27,2865,--,357,212255,12
2024-03-10,2859,--,364,222186,17
2024-02-21,2857,--,323,211670,8
2026-04-07,2850,--,329,232628,0
2024-03-06,2845,--,367,237391,18
2024-02-20,2841,--,328,201345,6
2024-05-16,2841,--,349,378643,24
2024-09-29,2837,--,315,220858,12
2024-04-13,2829,--,401,228707,7
2024-04-24,2829,--,350,197915,15
2023-10-23,2822,--,397,221093,17
2024-04-04,2820,--,387,243935,12
2024-04-09,2811,--,394,234965,17
2023-10-31,2791,--,406,252406,18
2025-07-16,2762,--,335,159340,1
2024-03-11,2746,--,385,242894,8
2024-04-05,2724,--,430,282508,19
2024-04-12,2718,--,350,237929,17
2024-02-11,2695,--,393,230141,30
2024-04-06,2692,--,388,213483,25
2024-04-19,2691,--,372,201010,12
2024-07-19,2689,--,353,223318,18
2026-04-25,2682,--,225,172047,0
2026-04-14,2657,--,234,238253,1
2024-10-03,2655,--,339,206650,9
2024-04-07,2625,--,444,238961,28
2025-09-22,2593,--,292,141110,0
2025-10-04,2588,--,266,143902,0
2025-09-01,2578,--,235,138813,1
2026-08-14,2575,--,59,41084,0
2024-04-20,2574,--,374,225252,18
2025-09-30,2568,--,335,85501,2
2024-03-03,2550,--,416,227538,6
2024-03-12,2544,--,346,195050,20
2024-03-27,2538,--,437,198902,10
2026-05-12,2533,--,158,61960,0
2024-04-10,2525,--,410,237657,35
2025-09-16,2518,--,315,147245,0
2024-04-02,2517,--,389,239260,13
2026-04-13,2517,--,257,240706,0
2025-07-19,2516,--,286,111976,2
2024-04-23,2509,--,284,212231,17
2025-09-29,2494,--,313,110756,0
2025-07-03,2491,--,281,127386,2
2026-04-12,2487,--,259,264650,1
2024-05-17,2486,--,308,287392,17
2024-03-29,2473,--,474,192673,24
2024-03-05,2469,--,399,217427,26
2025-10-13,2469,--,128,114892,2
2024-04-17,2460,--,392,208843,19
2025-07-13,2459,--,276,129583,2
2024-06-04,2444,--,301,208599,11
2024-03-26,2427,--,391,179917,12
2026-04-23,2415,--,212,250664,1
2026-04-26,2412,--,232,272903,1
2025-09-24,2403,--,314,85182,0
2024-02-22,2392,--,385,221339,13
2024-10-05,2386,--,274,219731,7
2024-03-08,2359,--,310,168321,7
2024-03-20,2356,--,348,179081,7
2025-07-17,2355,--,295,163378,2
2024-04-21,2345,--,361,189391,18
2024-03-23,2339,--,338,182690,7
2026-04-24,2337,--,205,229472,0
2024-04-03,2334,--,350,203247,10
2024-03-07,2329,--,339,229986,7
2024-02-04,2324,--,387,260667,25
2025-07-14,2323,--,292,114027,2
2025-10-05,2315,--,213,96804,1
2024-02-23,2313,--,352,208335,7
2024-04-14,2295,--,343,197405,22
2025-10-09,2290,--,308,101043,4
2026-04-11,2262,--,217,252844,1
2024-03-13,2253,--,389,184697,14
2026-02-02,2248,--,180,213225,1
2026-04-27,2246,--,196,230153,0
2025-09-18,2245,--,284,81685,0
2024-03-19,2241,--,336,166045,12
2024-02-18,2240,--,322,177473,19
2025-07-12,2238,--,267,93288,0
2024-02-07,2223,--,393,252842,24
2025-07-04,2220,--,275,147060,0
2026-04-15,2217,--,245,261697,0
2025-09-21,2211,--,246,84792,1
2025-09-28,2209,--,259,89071,2
2024-04-18,2202,--,326,197919,15
2025-10-08,2201,--,311,125007,1
2024-03-22,2178,--,292,174593,5
2025-09-25,2165,--,292,62113,1
2024-03-21,2160,--,338,204539,8
2024-02-26,2159,--,292,187772,11
2026-01-01,2144,--,133,148695,0
2025-10-07,2142,--,297,89872,1
2026-05-06,2132,--,119,100414,0
2024-03-17,2111,--,351,189229,11
2026-04-21,2092,--,197,218592,1
2024-02-24,2091,--,329,197511,14
2026-04-28,2081,--,176,228632,0
2024-02-05,2076,--,381,281866,23
2025-07-18,2065,--,190,146505,1
2024-11-22,2057,--,54,37606,1
2025-09-20,2049,--,214,74953,0
2024-02-06,2035,--,386,260448,39
2025-09-19,2017,--,233,91357,0
2024-03-16,2009,--,325,187016,13
2024-03-28,1997,--,390,178949,20
2026-04-29,1996,--,182,218018,0
2025-07-11,1995,--,214,74262,0
2026-04-19,1993,--,217,239801,0
2026-04-20,1976,--,185,226861,1
2024-03-18,1974,--,342,168634,19
2024-03-14,1969,--,288,183136,10
2026-04-01,1968,--,164,232441,0
2024-03-25,1965,--,347,168353,14
2025-07-09,1957,--,253,94080,2
2024-03-15,1950,--,341,176515,15
2025-10-11,1928,--,93,97661,0
2025-07-08,1912,--,252,96505,3
2025-09-23,1881,--,266,89035,7
2025-10-06,1861,--,303,114970,0
2025-10-16,1827,--,96,86317,0
2025-10-12,1820,--,90,94078,0
2024-02-10,1817,--,340,209963,14
2024-02-25,1814,--,293,201545,2
2026-04-16,1782,--,174,214137,1
2024-03-24,1773,--,286,162527,5
2025-07-10,1771,--,246,87972,3
2025-07-02,1697,--,248,88428,5
2025-06-26,1643,--,237,74520,12
2026-07-05,1625,--,255,91327,0
2026-04-18,1615,--,150,203251,1
2024-10-01,1610,--,264,181316,16
2026-04-17,1565,--,183,236453,0
2025-10-15,1476,--,90,76038,0
2026-05-05,1419,--,103,69034,0
2024-02-08,1416,--,304,182156,15
2025-06-27,1416,--,203,78393,10
2026-07-06,1406,--,205,105026,2
2024-02-09,1387,--,297,194414,19
2025-06-28,1375,--,240,76661,3
2025-06-25,1367,--,173,76314,3
2025-07-06,1352,--,176,96640,1
2026-07-02,1327,--,252,90220,0
2025-07-05,1323,--,221,97888,0
2025-06-30,1283,--,207,63094,9
2026-07-04,1243,--,255,58109,3
2025-10-10,1237,--,123,55882,1
2025-06-29,1215,--,202,74410,6
2024-04-25,1205,--,180,113237,3
2025-10-14,1190,--,69,70037,0
2025-07-07,1153,--,244,94992,2
2026-08-15,1150,--,15,19560,0
2026-07-28,1139,--,44,89666,0
2026-07-11,1105,--,247,42978,1
2025-06-18,1104,--,125,72802,3
2026-07-27,1100,--,37,54392,1
2026-07-13,1080,--,258,36735,0
2025-06-20,1022,--,177,78466,7
2026-07-03,1017,--,237,36372,1
2026-06-25,1005,--,214,65632,2
2025-06-24,1003,--,144,79421,6
2026-07-12,982,--,200,42480,0
2026-07-01,973,--,188,98830,1
2026-06-28,953,--,197,69570,3
2026-07-31,944,--,35,78806,0
2025-06-21,943,--,179,75661,5
2025-06-19,939,--,105,83677,4
2025-10-01,916,--,135,25109,0
2025-06-23,913,--,193,81740,19
2026-06-27,907,--,198,52889,1
2026-06-26,873,--,237,79073,2
2025-10-02,867,--,119,29387,5
2026-07-09,823,--,206,42832,1
2025-10-03,822,--,125,18591,2
2026-07-08,807,--,213,42699,1
2025-07-01,785,--,102,35665,2
2026-06-29,784,--,150,97159,0
2026-08-16,765,--,16,9242,0
2026-08-09,763,--,32,89705,0
2026-07-10,758,--,218,43010,0
2026-07-07,729,--,203,43158,3
2026-08-08,713,--,27,42556,0
2026-07-30,710,--,35,90229,0
2026-06-24,691,--,194,43950,3
2026-08-17,686,--,9,10122,0
2026-08-03,683,--,22,46370,0
2025-01-07,671,--,109,90179,5
2025-06-22,664,--,143,72886,10
2026-06-30,652,--,223,79691,0
2026-08-04,585,--,16,48679,1
2026-07-29,550,--,29,89631,0
2024-05-10,533,--,16,13176,0
2026-07-14,503,--,127,16864,4
2026-08-10,368,--,16,46753,0
2026-07-26,346,--,12,34581,0
2026-08-05,329,--,15,45586,0
2026-08-07,254,--,5,12850,0
2026-07-25,152,--,6,9629,0
2025-01-21,149,--,11,4133,3
2026-08-06,142,--,7,46283,0
2025-01-12,112,--,7,7701,0
2026-07-24,32,--,1,2131,0
2026-07-23,2,--,0,0,0
2025-01-22,0,--,0,0,0
2025-01-23,0,--,0,0,0
2025-01-24,0,--,0,0,0