Día,Impr.,Usuarios únicos,Clics,Coste,Resultados
2026-09-16,2959,--,90,20126.82,0.97
2026-09-15,21390,--,459,122654.08,5.83
2026-09-14,10833,--,413,118046.53,1.52
2026-09-13,13861,--,409,130987.17,1.16
2026-09-12,11584,--,389,81160.32,2.04
2026-09-11,16083,--,444,149264.92,3.04
2026-09-10,19272,--,463,129194.41,3.48
2026-09-09,13166,--,384,76329.91,0.54
2026-09-08,16644,--,369,62447.51,1.98
2026-09-07,23195,--,481,111841.78,1.0
2026-09-06,15797,--,361,94218.73,2.02
2026-09-05,14471,--,361,75501.11,0.03
2026-09-04,26581,--,1362,81384.21,0.99
2026-09-03,45218,--,881,103932.57,0.0
2026-09-02,8945,--,95,174561.21,0.01
2026-08-18,14,--,0,0.0,0.0
2026-08-17,686,--,9,10122.0,0.0
2026-08-16,765,--,16,9242.0,0.0
2026-08-15,1150,--,15,19560.0,0.0
2026-08-14,2575,--,59,41084.0,0.0
2026-08-10,368,--,16,46752.53,0.0
2026-08-09,763,--,32,89704.83,0.0
2026-08-08,713,--,27,42555.57,0.0
2026-08-07,254,--,5,12850.0,0.0
2026-08-06,142,--,7,46283.0,0.0
2026-08-05,329,--,15,45586.27,0.0
2026-08-04,585,--,16,48679.0,0.54
2026-08-03,683,--,22,46370.04,0.0
2026-07-31,944,--,35,78805.65,0.0
2026-07-30,710,--,35,90229.43,0.0
2026-07-29,550,--,29,89631.23,0.0
2026-07-28,1139,--,44,89666.1,0.0
2026-07-27,1100,--,37,54391.6,0.56
2026-07-26,346,--,12,34581.29,0.27
2026-07-25,152,--,6,9629.29,0.0
2026-07-24,32,--,1,2131.0,0.3
2026-07-23,2,--,0,0.0,0.0
2026-07-14,503,--,127,16864.24,4.45
2026-07-13,1080,--,258,36735.45,0.46
2026-07-12,982,--,200,42479.6,0.01
2026-07-11,1105,--,247,42978.31,1.02
2026-07-10,758,--,218,43009.91,0.28
2026-07-09,823,--,206,42832.05,1.0
2026-07-08,807,--,213,42698.61,1.01
2026-07-07,729,--,203,43158.05,3.21
2026-07-06,1406,--,205,105026.14,2.24
2026-07-05,1625,--,255,91326.94,0.01
2026-07-04,1243,--,255,58109.04,2.99
2026-07-03,1017,--,237,36372.06,1.02
2026-07-02,1327,--,252,90220.48,0.01
2026-07-01,973,--,188,98829.55,1.18
2026-06-30,652,--,223,79691.23,0.01
2026-06-29,784,--,150,97158.51,0.01
2026-06-28,953,--,197,69569.56,2.63
2026-06-27,907,--,198,52889.15,1.0
2026-06-26,873,--,237,79072.69,2.0
2026-06-25,1005,--,214,65631.52,2.4
2026-06-24,691,--,194,43950.18,2.51
2026-05-31,4330,--,166,91754.33,1.0
2026-05-30,3077,--,130,69204.87,0.29
2026-05-29,3809,--,153,93017.33,0.0
2026-05-28,4365,--,143,90264.72,0.01
2026-05-27,5132,--,117,85900.39,0.0
2026-05-26,7300,--,125,72158.69,1.0
2026-05-25,4040,--,84,50902.65,0.0
2026-05-24,24442,--,208,130916.49,1.5
2026-05-23,35374,--,169,115981.93,0.5
2026-05-22,23349,--,134,89336.19,0.0
2026-05-21,23685,--,129,94494.62,0.0
2026-05-20,12743,--,175,85388.88,1.0
2026-05-19,12974,--,189,89965.02,1.01
2026-05-18,5972,--,158,62118.05,0.01
2026-05-17,11092,--,379,116654.07,0.0
2026-05-16,7412,--,317,81296.75,0.0
2026-05-15,12788,--,1011,101254.46,1.0
2026-05-14,5417,--,332,98997.31,0.0
2026-05-13,11126,--,442,109838.79,0.0
2026-05-12,2533,--,158,61960.18,0.0
2026-05-11,7785,--,169,73755.04,0.96
2026-05-10,21713,--,659,140912.28,2.0
2026-05-09,7791,--,192,82420.24,0.01
2026-05-08,10088,--,273,132160.97,0.0
2026-05-07,4011,--,161,79454.34,1.0
2026-05-06,2132,--,119,100413.93,0.0
2026-05-05,1419,--,103,69033.78,0.0
2026-05-04,5183,--,300,90726.68,0.0
2026-04-30,3323,--,257,194718.08,0.0
2026-04-29,1996,--,182,218018.12,0.0
2026-04-28,2081,--,176,228632.07,0.0
2026-04-27,2246,--,196,230152.67,0.0
2026-04-26,2412,--,232,272903.31,1.0
2026-04-25,2682,--,225,172047.49,0.0
2026-04-24,2337,--,205,229471.78,0.0
2026-04-23,2415,--,212,250664.01,0.0
2026-04-22,2877,--,375,258281.9,0.0
2026-04-21,2092,--,197,218592.47,1.0
2026-04-20,1976,--,185,226860.64,0.91
2026-04-19,1993,--,217,239800.97,0.0
2026-04-18,1615,--,150,203250.5,1.0
2026-04-17,1565,--,183,236452.74,0.0
2026-04-16,1782,--,174,214136.5,1.0
2026-04-15,2217,--,245,261697.42,0.0
2026-04-14,2657,--,234,238252.8,1.0
2026-04-13,2517,--,257,240705.56,0.0
2026-04-12,2487,--,259,264650.46,1.0
2026-04-11,2262,--,217,252844.45,1.0
2026-04-10,3094,--,263,259327.8,1.3
2026-04-09,3285,--,245,210540.09,2.0
2026-04-08,5198,--,404,230309.84,0.0
2026-04-07,2850,--,329,232628.28,0.0
2026-04-06,4388,--,289,274452.56,1.09
2026-04-05,4622,--,373,247392.05,0.0
2026-04-04,4991,--,434,307754.78,1.0
2026-04-03,3896,--,223,308925.36,0.0
2026-04-02,5715,--,335,246693.88,1.0
2026-04-01,1968,--,164,232441.25,0.0
2026-03-31,4544,--,240,266524.24,0.0
2026-03-30,5945,--,280,306780.5,2.0
2026-03-29,4922,--,249,231602.4,0.0
2026-03-28,3914,--,185,240753.12,0.0
2026-03-27,3430,--,195,284082.63,1.0
2026-03-26,7581,--,260,344384.59,0.0
2026-03-25,7945,--,291,345655.8,0.0
2026-03-24,7089,--,292,270066.39,1.0
2026-03-23,6655,--,335,353955.97,0.0
2026-03-22,7021,--,361,364877.2,1.0
2026-03-21,5697,--,292,277327.05,0.0
2026-03-20,5968,--,279,274410.57,1.01
2026-03-19,5793,--,270,232072.66,0.0
2026-03-18,6086,--,256,288531.69,0.0
2026-03-17,7415,--,422,318910.38,0.0
2026-03-16,6197,--,346,315849.54,0.0
2026-03-15,5861,--,372,320523.35,1.0
2026-03-14,19753,--,1318,277724.42,0.0
2026-03-13,8300,--,615,299795.94,0.0
2026-03-12,15068,--,883,292690.53,0.0
2026-03-11,11178,--,741,281213.35,0.01
2026-03-10,12378,--,629,316436.87,0.0
2026-03-09,7442,--,423,264884.83,0.0
2026-03-08,17070,--,938,321095.43,0.0
2026-03-07,13054,--,783,455367.74,0.01
2026-03-06,6196,--,317,231233.11,0.0
2026-03-05,11033,--,568,253280.33,0.0
2026-03-04,5855,--,316,281740.91,2.01
2026-03-03,4221,--,354,276599.07,0.0
2026-03-02,8982,--,530,324155.87,0.97
2026-03-01,5231,--,363,326634.54,1.0
2026-02-28,6444,--,480,413177.51,0.0
2026-02-27,9757,--,678,743293.82,0.0
2026-02-26,6674,--,413,456138.34,1.02
2026-02-25,5059,--,204,208692.83,0.01
2026-02-24,4383,--,271,237289.01,0.01
2026-02-23,8324,--,352,578194.11,0.0
2026-02-22,7552,--,435,711986.86,0.0
2026-02-21,7987,--,387,510780.43,1.01
2026-02-20,9952,--,443,578717.52,1.0
2026-02-19,5289,--,267,290477.83,0.02
2026-02-18,9655,--,374,350843.13,0.24
2026-02-17,6404,--,273,335336.64,0.0
2026-02-16,5072,--,269,340567.09,0.01
2026-02-15,7637,--,472,553751.96,1.16
2026-02-14,4357,--,333,284297.69,0.01
2026-02-13,12134,--,780,412433.34,1.01
2026-02-12,6081,--,372,324985.17,2.31
2026-02-11,8668,--,412,355090.55,0.0
2026-02-10,5080,--,265,298252.59,0.01
2026-02-09,6771,--,308,382283.93,0.01
2026-02-08,4653,--,309,307010.02,0.67
2026-02-07,4895,--,326,353684.18,1.33
2026-02-06,4536,--,330,426822.2,0.01
2026-02-05,4612,--,309,453678.38,1.0
2026-02-04,3744,--,272,415641.73,0.37
2026-02-03,3430,--,245,297244.36,1.01
2026-02-02,2248,--,180,213225.08,1.01
2026-01-31,6458,--,309,352845.75,1.0
2026-01-30,4081,--,282,299214.3,2.58
2026-01-29,3795,--,402,322421.36,2.01
2026-01-28,4001,--,517,372102.75,3.51
2026-01-27,4484,--,542,447321.05,1.53
2026-01-26,4689,--,562,403273.92,2.17
2026-01-25,3701,--,496,297477.39,1.15
2026-01-24,3754,--,469,282468.92,2.05
2026-01-23,4081,--,516,356899.35,3.02
2026-01-22,3900,--,460,378435.23,0.02
2026-01-21,4312,--,586,421679.63,2.02
2026-01-20,4092,--,549,383441.58,4.74
2026-01-19,3336,--,503,306589.65,4.05
2026-01-18,3557,--,492,363781.29,4.54
2026-01-17,4714,--,546,418353.13,0.59
2026-01-16,3722,--,500,346555.69,1.96
2026-01-15,4004,--,451,372670.24,0.31
2026-01-14,4219,--,538,438273.54,2.6
2026-01-13,4329,--,579,450433.27,2.91
2026-01-12,4253,--,523,398274.1,3.01
2026-01-11,4442,--,437,331337.29,2.04
2026-01-10,4117,--,491,367742.3,2.02
2026-01-09,4464,--,585,369594.1,4.53
2026-01-08,4376,--,640,390035.88,1.52
2026-01-07,4155,--,554,369590.35,4.14
2026-01-06,3674,--,539,352937.35,3.23
2026-01-05,4147,--,473,413090.99,2.13
2026-01-04,4598,--,542,496036.6,0.64
2026-01-03,4074,--,445,416393.17,1.04
2026-01-02,5354,--,341,324973.93,0.0
2026-01-01,2144,--,133,148695.45,0.0
2025-12-31,4049,--,278,222346.39,5.88
2025-12-30,6341,--,446,330926.36,1.91
2025-12-29,5370,--,492,347568.1,5.71
2025-12-28,5068,--,558,396613.54,2.02
2025-12-27,6065,--,561,486073.23,1.02
2025-12-26,6699,--,599,566406.18,4.04
2025-12-25,8788,--,690,465190.5,2.11
2025-12-24,5308,--,459,207208.25,0.46
2025-12-23,4939,--,545,291241.5,2.01
2025-12-22,7330,--,847,437617.78,2.11
2025-12-21,7429,--,786,364674.96,0.5
2025-12-20,8985,--,953,419930.82,0.97
2025-12-19,6969,--,714,373128.57,3.25
2025-12-18,7602,--,876,391264.41,1.06
2025-12-17,8448,--,873,408601.47,3.05
2025-12-16,5232,--,617,395897.63,0.53
2025-12-15,7203,--,718,455384.18,0.75
2025-12-14,8599,--,788,498797.21,2.17
2025-12-13,9698,--,778,463496.08,0.57
2025-12-12,9079,--,757,443123.21,3.02
2025-12-11,7189,--,663,333663.81,0.13
2025-12-10,7281,--,719,387986.09,3.19
2025-12-09,9147,--,839,405710.0,3.07
2025-12-08,8491,--,681,368305.5,1.02
2025-12-07,6406,--,518,297315.56,2.01
2025-12-06,6124,--,586,329887.8,0.22
2025-12-05,7189,--,743,447695.2,1.03
2025-12-04,6930,--,765,394430.75,0.73
2025-12-03,7122,--,705,303989.04,0.24
2025-12-02,4079,--,664,256450.68,11.65
2025-12-01,3184,--,507,333188.44,12.57
2025-11-30,5559,--,675,631650.38,3.62
2025-11-29,6525,--,778,665210.96,6.73
2025-11-28,7430,--,842,690460.78,10.75
2025-11-27,5918,--,667,784427.25,8.76
2025-11-26,6356,--,678,659581.19,7.4
2025-11-25,5875,--,621,394261.82,7.28
2025-11-24,4572,--,588,312933.25,13.69
2025-11-23,4630,--,465,268459.79,3.01
2025-11-22,5824,--,520,330794.45,0.32
2025-11-21,3783,--,416,238916.55,4.01
2025-11-20,4658,--,450,290896.75,1.02
2025-11-19,4731,--,460,295464.35,3.82
2025-11-18,4415,--,510,296214.75,7.51
2025-11-17,7626,--,598,407410.81,2.02
2025-11-16,5882,--,507,348956.63,2.02
2025-11-15,6538,--,626,368068.24,1.01
2025-11-14,10314,--,667,389072.62,1.36
2025-11-13,5657,--,419,240557.19,0.66
2025-11-12,5011,--,427,259427.48,1.51
2025-11-11,5183,--,429,285529.03,3.01
2025-11-10,6097,--,483,284701.92,0.01
2025-11-09,7165,--,568,410640.85,1.01
2025-11-08,8760,--,592,393136.04,1.01
2025-11-07,6981,--,522,247136.2,1.01
2025-11-06,5567,--,473,273461.9,2.01
2025-11-05,5324,--,411,304335.99,4.01
2025-11-04,4551,--,500,299398.53,2.45
2025-11-03,8270,--,747,334217.59,2.57
2025-11-02,8217,--,676,329777.09,1.03
2025-11-01,7176,--,538,305630.31,1.01
2025-10-31,12345,--,720,543256.96,1.0
2025-10-30,19136,--,1066,609044.82,0.02
2025-10-29,9952,--,644,519153.36,2.02
2025-10-28,13470,--,816,631008.86,3.24
2025-10-27,14731,--,852,552520.64,2.53
2025-10-26,10910,--,716,556536.89,0.04
2025-10-25,16908,--,818,403883.26,3.03
2025-10-24,11957,--,759,505081.97,0.02
2025-10-23,11170,--,630,450448.15,1.2
2025-10-22,10302,--,584,610335.69,1.02
2025-10-21,11186,--,664,625084.64,2.5
2025-10-20,7773,--,565,456611.06,0.4
2025-10-19,9234,--,525,364017.69,3.05
2025-10-18,5908,--,345,269527.6,3.04
2025-10-17,11210,--,380,102635.29,1.97
2025-10-16,1827,--,96,86316.52,0.43
2025-10-15,1476,--,90,76038.08,0.03
2025-10-14,1190,--,69,70036.52,0.0
2025-10-13,2469,--,128,114892.14,2.01
2025-10-12,1820,--,90,94078.41,0.0
2025-10-11,1928,--,93,97660.68,0.01
2025-10-10,1237,--,123,55882.04,1.0
2025-10-09,2290,--,308,101043.35,4.26
2025-10-08,2201,--,311,125006.87,1.04
2025-10-07,2142,--,297,89871.96,0.77
2025-10-06,1861,--,303,114969.64,0.27
2025-10-05,2315,--,213,96804.28,1.23
2025-10-04,2588,--,266,143901.76,0.02
2025-10-03,822,--,125,18591.44,1.66
2025-10-02,867,--,119,29386.59,5.41
2025-10-01,916,--,135,25108.92,0.1
2025-09-30,2568,--,335,85500.63,2.04
2025-09-29,2494,--,313,110755.96,0.06
2025-09-28,2209,--,259,89070.59,1.58
2025-09-27,2964,--,298,97668.62,0.86
2025-09-26,3441,--,334,146575.13,1.03
2025-09-25,2165,--,292,62112.88,1.06
2025-09-24,2403,--,314,85182.16,0.04
2025-09-23,1881,--,266,89035.44,7.08
2025-09-22,2593,--,292,141110.12,0.05
2025-09-21,2211,--,246,84791.87,1.19
2025-09-20,2049,--,214,74953.32,0.06
2025-09-19,2017,--,233,91356.69,0.03
2025-09-18,2245,--,284,81685.07,0.02
2025-09-17,2965,--,362,288414.12,1.72
2025-09-16,2518,--,315,147244.99,0.09
2025-09-15,3091,--,359,175889.04,4.15
2025-09-14,3431,--,371,152539.6,2.13
2025-09-13,3823,--,364,189514.21,1.08
2025-09-12,3754,--,336,168320.63,0.03
2025-09-11,3074,--,316,186131.73,3.06
2025-09-10,3464,--,351,181379.45,2.01
2025-09-09,4029,--,366,184463.77,2.27
2025-09-08,3471,--,328,182845.89,1.01
2025-09-07,4818,--,389,255797.25,2.35
2025-09-06,4739,--,393,225289.17,1.79
2025-09-05,3268,--,330,148474.13,2.39
2025-09-04,2954,--,346,139382.86,3.03
2025-09-03,3605,--,353,148819.5,2.38
2025-09-02,3664,--,371,191241.98,1.64
2025-09-01,2578,--,235,138812.54,1.09
2025-08-31,4130,--,366,234662.72,1.59
2025-08-30,3815,--,391,191303.57,3.9
2025-08-29,3857,--,403,200951.36,4.09
2025-08-28,3191,--,367,224805.79,6.62
2025-08-27,4317,--,382,200773.59,1.45
2025-08-26,3971,--,368,208588.72,2.17
2025-08-25,3932,--,436,329611.03,4.76
2025-08-24,8574,--,480,367131.17,1.73
2025-08-23,6986,--,442,250562.58,4.09
2025-08-22,3917,--,343,136834.63,3.03
2025-08-21,4212,--,402,155171.56,4.6
2025-08-20,4512,--,442,226854.88,1.1
2025-08-19,4821,--,455,267285.32,1.12
2025-08-18,4468,--,406,218741.19,2.42
2025-08-17,3835,--,339,180376.99,1.06
2025-08-16,4364,--,408,237534.4,3.08
2025-08-15,5156,--,380,236772.77,3.01
2025-08-14,4112,--,385,227599.13,1.04
2025-08-13,4044,--,296,256730.06,1.22
2025-08-12,4900,--,359,216876.74,5.1
2025-08-11,3635,--,371,235180.21,5.73
2025-08-10,4977,--,401,238991.41,4.76
2025-08-09,5688,--,387,261434.04,1.56
2025-08-08,5839,--,417,257063.5,2.8
2025-08-07,5563,--,403,232212.84,1.06
2025-08-06,5219,--,379,214008.9,4.06
2025-08-05,4981,--,386,233221.92,2.03
2025-08-04,6048,--,387,312374.63,2.01
2025-08-03,6496,--,466,296698.28,2.07
2025-08-02,6483,--,389,231393.5,0.02
2025-08-01,3464,--,220,119889.78,1.84
2025-07-31,5687,--,405,233631.04,1.03
2025-07-30,6226,--,433,238630.6,2.83
2025-07-29,5388,--,444,281181.37,3.05
2025-07-28,5979,--,401,279893.59,1.31
2025-07-27,11427,--,466,462427.42,0.59
2025-07-26,10637,--,508,512428.86,2.05
2025-07-25,4685,--,365,258913.62,0.03
2025-07-24,3256,--,335,167691.48,5.06
2025-07-23,3328,--,311,181664.23,3.05
2025-07-22,3709,--,327,149533.44,4.28
2025-07-21,3448,--,342,158246.26,1.2
2025-07-20,3414,--,341,158639.71,1.86
2025-07-19,2516,--,286,111976.17,2.05
2025-07-18,2065,--,190,146504.62,0.55
2025-07-17,2355,--,295,163378.31,2.08
2025-07-16,2762,--,335,159339.86,1.07
2025-07-15,3836,--,344,200383.2,4.02
2025-07-14,2323,--,292,114026.72,2.06
2025-07-13,2459,--,276,129583.16,2.04
2025-07-12,2238,--,267,93287.88,0.01
2025-07-11,1995,--,214,74261.76,0.06
2025-07-10,1771,--,246,87972.14,2.63
2025-07-09,1957,--,253,94080.27,2.04
2025-07-08,1912,--,252,96505.41,2.98
2025-07-07,1153,--,244,94992.48,1.6
2025-07-06,1352,--,176,96640.49,1.02
2025-07-05,1323,--,221,97887.61,0.01
2025-07-04,2220,--,275,147060.47,0.01
2025-07-03,2491,--,281,127386.41,2.0
2025-07-02,1697,--,248,88428.02,5.0
2025-07-01,785,--,102,35664.58,2.0
2025-06-30,1283,--,207,63093.65,9.0
2025-06-29,1215,--,202,74409.73,6.0
2025-06-28,1375,--,240,76660.95,3.0
2025-06-27,1416,--,203,78393.22,10.0
2025-06-26,1643,--,237,74519.94,12.0
2025-06-25,1367,--,173,76314.19,3.0
2025-06-24,1003,--,144,79420.71,6.0
2025-06-23,913,--,193,81739.58,18.5
2025-06-22,664,--,143,72886.11,9.5
2025-06-21,943,--,179,75660.92,4.74
2025-06-20,1022,--,177,78466.09,7.0
2025-06-19,939,--,105,83677.29,4.0
2025-06-18,1104,--,125,72801.72,3.0
2025-01-24,98,--,21,6325.67,0.0
2025-01-23,220,--,43,13673.23,0.0
2025-01-22,159,--,39,14425.45,0.0
2025-01-21,382,--,38,19028.69,4.93
2025-01-20,16780,--,437,219290.08,18.0
2025-01-19,21084,--,1059,206122.54,26.07
2025-01-18,17501,--,887,226293.11,16.0
2025-01-17,12767,--,542,220104.43,10.0
2025-01-16,15737,--,627,260423.1,20.0
2025-01-15,14892,--,669,243114.53,15.0
2025-01-14,48563,--,793,288204.03,21.0
2025-01-13,8857,--,330,155938.02,12.0
2025-01-12,112,--,7,7701.0,0.0
2025-01-11,23449,--,646,361617.08,13.96
2025-01-10,13955,--,475,445753.07,29.93
2025-01-09,11627,--,384,330539.18,14.03
2025-01-08,37493,--,1348,362500.32,10.05
2025-01-07,671,--,109,90179.31,5.02
2024-12-09,6229,--,265,257402.44,12.2
2024-12-08,14896,--,480,460165.47,18.9
2024-12-07,8143,--,446,430781.03,16.3
2024-12-06,8959,--,486,444749.64,15.87
2024-12-05,16988,--,701,507331.74,19.86
2024-12-04,12673,--,572,489769.32,21.9
2024-12-03,4310,--,518,384762.63,67.65
2024-12-02,9901,--,569,422026.47,85.37
2024-11-30,16654,--,830,742443.98,47.19
2024-11-29,47686,--,1702,336145.77,10.94
2024-11-24,10381,--,500,499142.2,21.67
2024-11-23,26985,--,1148,621610.42,40.62
2024-11-22,2057,--,54,37606.24,1.0
2024-11-21,8459,--,378,108665.84,2.13
2024-11-18,9250,--,356,244284.53,12.25
2024-11-17,18823,--,680,412671.8,19.79
2024-11-16,13859,--,576,399472.25,24.04
2024-11-15,10897,--,514,407922.44,17.12
2024-11-14,11777,--,547,417929.24,26.91
2024-11-13,6966,--,486,429251.42,43.82
2024-11-12,16277,--,575,409837.58,19.46
2024-11-11,15641,--,631,404030.18,13.37
2024-11-10,11563,--,525,365412.65,29.59
2024-11-09,9599,--,490,427838.1,9.08
2024-11-08,10275,--,478,378619.72,11.94
2024-11-07,17676,--,622,432792.29,20.05
2024-11-06,16437,--,592,406828.5,11.89
2024-11-05,20428,--,671,437657.77,23.43
2024-11-04,23173,--,745,433743.26,42.01
2024-11-03,29459,--,798,449369.87,28.61
2024-11-02,29557,--,832,414240.88,19.95
2024-11-01,16174,--,588,389851.95,14.94
2024-10-31,9346,--,335,185106.31,28.47
2024-10-30,5717,--,379,201230.72,7.74
2024-10-29,5922,--,323,201186.61,11.06
2024-10-28,6819,--,427,205088.35,9.89
2024-10-27,9880,--,397,225682.71,10.14
2024-10-26,6598,--,364,195940.48,15.69
2024-10-25,6792,--,361,194432.17,20.17
2024-10-24,8608,--,324,211370.37,17.71
2024-10-23,6122,--,344,218898.53,13.94
2024-10-22,5632,--,398,211113.15,22.79
2024-10-21,6920,--,393,251271.07,16.28
2024-10-20,6070,--,387,200117.84,12.68
2024-10-19,3749,--,371,191980.63,31.71
2024-10-18,6611,--,288,192493.69,17.49
2024-10-17,7550,--,395,220978.59,25.14
2024-10-16,7310,--,397,219480.13,28.29
2024-10-15,7299,--,309,237649.75,8.02
2024-10-14,3867,--,332,226207.32,10.8
2024-10-13,4654,--,238,194629.96,8.97
2024-10-12,7934,--,301,186388.42,10.02
2024-10-11,4263,--,357,230516.8,7.0
2024-10-10,6280,--,334,212383.32,11.15
2024-10-09,3481,--,271,219353.59,6.54
2024-10-08,4103,--,268,219166.04,5.06
2024-10-07,3311,--,303,234283.38,11.5
2024-10-06,4484,--,270,216811.49,6.56
2024-10-05,2386,--,274,219730.83,7.29
2024-10-04,3362,--,269,236368.47,10.46
2024-10-03,2655,--,339,206650.2,8.99
2024-10-02,7719,--,358,265671.85,5.0
2024-10-01,1610,--,264,181316.31,16.21
2024-09-30,4913,--,397,235238.7,16.54
2024-09-29,2837,--,315,220858.45,12.0
2024-09-28,5665,--,290,192466.08,5.44
2024-09-27,2934,--,358,191754.84,11.22
2024-09-26,2871,--,309,255690.89,14.23
2024-09-25,3092,--,341,244713.24,17.21
2024-09-24,5541,--,333,239594.65,5.81
2024-09-23,6112,--,349,281495.93,10.9
2024-09-22,6909,--,397,253354.18,9.73
2024-09-21,4664,--,350,198972.93,11.99
2024-09-20,7332,--,270,220707.03,8.67
2024-09-19,5083,--,296,260897.03,7.58
2024-09-18,5202,--,317,265909.34,11.09
2024-09-17,4597,--,324,256137.66,8.43
2024-09-16,4844,--,434,250327.05,18.25
2024-09-15,4298,--,324,218903.72,9.33
2024-09-14,4443,--,371,231556.19,9.8
2024-09-13,6072,--,356,225701.98,6.62
2024-09-12,4049,--,366,260926.72,8.83
2024-09-11,4196,--,347,269468.0,5.05
2024-09-10,5440,--,388,248346.48,17.03
2024-09-09,4856,--,431,274409.41,6.04
2024-09-08,4803,--,398,288024.62,11.38
2024-09-07,3924,--,361,203017.2,5.05
2024-09-06,5192,--,419,278652.01,6.03
2024-09-05,5650,--,280,298057.76,9.78
2024-09-04,4058,--,332,261347.58,8.03
2024-09-03,8198,--,429,273894.95,13.43
2024-09-02,4977,--,361,247794.98,12.89
2024-08-31,4704,--,405,204324.28,26.17
2024-08-30,4348,--,387,195960.47,26.55
2024-08-29,4530,--,376,202052.05,12.89
2024-08-28,5286,--,424,230644.91,27.98
2024-08-27,3936,--,397,220361.07,15.95
2024-08-26,4087,--,368,236423.1,22.44
2024-08-25,4526,--,418,190614.54,27.57
2024-08-24,3887,--,360,201515.83,20.41
2024-08-23,4697,--,413,205676.48,24.5
2024-08-22,6313,--,396,223634.05,13.54
2024-08-21,3684,--,369,207191.93,18.83
2024-08-20,4584,--,398,226324.33,22.03
2024-08-19,7937,--,543,222369.56,18.32
2024-08-18,10299,--,527,198407.39,17.0
2024-08-17,3514,--,317,214873.63,13.99
2024-08-16,3546,--,329,209345.21,19.62
2024-08-15,4802,--,349,226212.44,13.18
2024-08-14,3583,--,357,215076.62,9.72
2024-08-13,4810,--,333,225174.86,14.21
2024-08-12,7469,--,411,243941.88,16.26
2024-08-11,4572,--,338,208038.16,21.0
2024-08-10,4796,--,430,256865.61,18.82
2024-08-09,5097,--,301,198438.34,16.45
2024-08-08,8767,--,464,218398.26,23.67
2024-08-07,9372,--,486,225205.34,26.04
2024-08-06,8588,--,403,231276.19,12.31
2024-08-05,9866,--,383,218667.11,8.48
2024-08-04,11698,--,475,221178.89,13.5
2024-08-03,10279,--,410,244674.54,7.97
2024-08-02,14219,--,439,236557.38,3.07
2024-08-01,4336,--,307,189807.33,9.32
2024-07-31,5718,--,400,216308.63,12.45
2024-07-30,4203,--,341,275538.25,13.98
2024-07-29,5409,--,407,282681.78,25.97
2024-07-28,4815,--,381,271862.29,5.14
2024-07-27,5545,--,387,226910.84,3.3
2024-07-26,6944,--,392,236896.56,6.9
2024-07-25,5004,--,367,296658.23,8.12
2024-07-24,6635,--,459,274158.54,36.41
2024-07-23,5427,--,379,279354.59,16.35
2024-07-22,3851,--,376,295058.31,8.29
2024-07-21,4075,--,390,257195.07,19.83
2024-07-20,4640,--,368,263052.77,15.03
2024-07-19,2689,--,353,223318.23,18.06
2024-07-18,4343,--,329,232849.95,9.03
2024-07-17,4237,--,338,258866.55,30.1
2024-07-16,5068,--,359,259992.37,10.14
2024-07-15,4422,--,312,247796.72,23.61
2024-07-14,5860,--,311,228593.03,14.85
2024-07-13,4984,--,391,245441.37,4.82
2024-07-12,6437,--,412,238267.41,7.96
2024-07-11,6237,--,323,249883.37,18.94
2024-07-10,6810,--,372,249999.08,13.15
2024-07-09,7030,--,463,273181.75,9.34
2024-07-08,7001,--,552,360439.64,2.0
2024-07-07,8586,--,393,237535.24,13.1
2024-07-06,6371,--,464,251523.41,12.83
2024-07-05,5233,--,379,244073.4,10.93
2024-07-04,4151,--,469,247803.82,16.83
2024-07-03,4505,--,435,262710.59,10.09
2024-07-02,5469,--,385,235733.91,17.86
2024-06-30,5084,--,383,262799.43,7.01
2024-06-29,7066,--,490,284943.63,15.64
2024-06-28,5582,--,449,245935.08,9.07
2024-06-27,6770,--,476,264415.45,17.87
2024-06-26,5948,--,495,290490.34,31.3
2024-06-25,4909,--,483,251135.98,16.82
2024-06-24,10173,--,607,295459.46,19.44
2024-06-23,4681,--,438,227002.55,9.53
2024-06-22,6912,--,502,255302.51,14.2
2024-06-21,5590,--,470,275004.52,17.26
2024-06-20,5984,--,442,286279.19,11.02
2024-06-19,4026,--,432,272497.56,14.15
2024-06-18,4310,--,407,274681.89,10.12
2024-06-17,7247,--,532,292052.89,18.41
2024-06-16,5509,--,393,260114.58,16.73
2024-06-15,7350,--,449,250651.21,8.04
2024-06-14,5947,--,438,287450.57,14.92
2024-06-13,7023,--,431,270479.14,11.97
2024-06-12,6210,--,434,302204.75,12.62
2024-06-11,7924,--,470,307436.21,16.82
2024-06-10,6729,--,486,306578.05,21.26
2024-06-09,5355,--,416,301907.31,13.63
2024-06-08,4984,--,462,331269.82,15.91
2024-06-07,6785,--,372,288852.16,9.37
2024-06-06,6131,--,444,332062.66,9.31
2024-06-05,3391,--,378,292553.31,24.73
2024-06-04,2444,--,301,208599.35,11.14
2024-05-31,5953,--,501,349319.35,18.48
2024-05-30,4662,--,461,342477.37,18.18
2024-05-29,4920,--,473,336628.95,19.11
2024-05-28,6969,--,444,333822.09,28.68
2024-05-27,8046,--,498,360627.83,18.57
2024-05-26,5006,--,413,357196.11,17.45
2024-05-25,4687,--,437,355410.02,20.01
2024-05-24,5634,--,409,363826.42,23.83
2024-05-23,5539,--,352,340561.13,21.0
2024-05-22,4647,--,347,384281.14,20.15
2024-05-21,9386,--,423,408714.01,15.34
2024-05-20,11810,--,469,408006.23,32.52
2024-05-19,5214,--,415,345271.19,20.39
2024-05-18,2895,--,382,345896.34,17.0
2024-05-17,2486,--,308,287392.26,16.97
2024-05-16,2841,--,349,378643.43,24.48
2024-05-15,2939,--,391,340215.19,18.37
2024-05-14,2975,--,364,362021.67,17.63
2024-05-13,3029,--,375,340890.39,19.44
2024-05-12,3178,--,306,320178.26,23.99
2024-05-11,4419,--,372,324513.64,9.0
2024-05-10,533,--,16,13175.94,0.0
2024-04-25,1205,--,180,113237.37,3.11
2024-04-24,2829,--,350,197915.44,15.49
2024-04-23,2509,--,284,212231.09,16.84
2024-04-22,2917,--,364,202525.23,12.49
2024-04-21,2345,--,361,189390.64,17.53
2024-04-20,2574,--,374,225251.68,17.62
2024-04-19,2691,--,372,201009.96,11.66
2024-04-18,2202,--,326,197918.61,14.81
2024-04-17,2460,--,392,208843.44,18.95
2024-04-16,3064,--,380,224652.48,22.93
2024-04-15,3026,--,362,203331.3,13.0
2024-04-14,2295,--,343,197405.12,22.23
2024-04-13,2829,--,401,228706.55,7.23
2024-04-12,2718,--,350,237929.08,16.93
2024-04-11,2930,--,371,225335.55,13.74
2024-04-10,2525,--,410,237657.28,35.08
2024-04-09,2811,--,394,234965.19,16.99
2024-04-08,3192,--,399,213150.47,17.2
2024-04-07,2625,--,444,238960.98,27.66
2024-04-06,2692,--,388,213483.0,24.58
2024-04-05,2724,--,430,282507.56,18.56
2024-04-04,2820,--,387,243935.36,11.5
2024-04-03,2334,--,350,203246.88,9.75
2024-04-02,2517,--,389,239259.99,13.4
2024-04-01,2885,--,468,238535.59,25.19
2024-03-31,2978,--,488,216133.73,21.13
2024-03-30,3254,--,539,204473.9,17.24
2024-03-29,2473,--,474,192673.09,24.2
2024-03-28,1997,--,390,178948.66,19.67
2024-03-27,2538,--,437,198902.26,9.78
2024-03-26,2427,--,391,179917.16,11.96
2024-03-25,1965,--,347,168353.12,14.03
2024-03-24,1773,--,286,162527.09,5.21
2024-03-23,2339,--,338,182690.45,7.06
2024-03-22,2178,--,292,174592.73,5.03
2024-03-21,2160,--,338,204538.73,8.03
2024-03-20,2356,--,348,179081.26,6.93
2024-03-19,2241,--,336,166045.42,11.81
2024-03-18,1974,--,342,168633.77,18.94
2024-03-17,2111,--,351,189229.47,11.03
2024-03-16,2009,--,325,187015.67,12.76
2024-03-15,1950,--,341,176515.4,14.91
2024-03-14,1969,--,288,183135.82,9.94
2024-03-13,2253,--,389,184696.79,13.78
2024-03-12,2544,--,346,195050.48,20.26
2024-03-11,2746,--,385,242893.72,8.31
2024-03-10,2859,--,364,222186.37,16.67
2024-03-09,3265,--,405,255756.69,20.13
2024-03-08,2359,--,310,168321.18,7.0
2024-03-07,2329,--,339,229985.84,7.0
2024-03-06,2845,--,367,237390.64,17.99
2024-03-05,2469,--,399,217426.55,25.64
2024-03-04,3260,--,425,224287.5,12.46
2024-03-03,2550,--,416,227537.58,6.01
2024-03-02,3220,--,409,219012.98,14.05
2024-03-01,5947,--,450,209457.8,9.02
2024-02-29,3134,--,409,225940.16,10.42
2024-02-28,3069,--,415,268431.23,14.28
2024-02-27,2865,--,357,212255.32,11.98
2024-02-26,2159,--,292,187771.7,10.98
2024-02-25,1814,--,293,201544.92,2.04
2024-02-24,2091,--,329,197511.39,13.97
2024-02-23,2313,--,352,208335.31,7.28
2024-02-22,2392,--,385,221338.86,13.01
2024-02-21,2857,--,323,211669.87,7.95
2024-02-20,2841,--,328,201344.62,6.07
2024-02-19,3418,--,364,227590.23,11.98
2024-02-18,2240,--,322,177473.41,18.98
2024-02-17,3106,--,360,213668.19,18.99
2024-02-16,6505,--,379,260449.26,24.76
2024-02-15,13374,--,385,310600.37,10.96
2024-02-14,5931,--,417,308620.01,23.17
2024-02-13,3902,--,372,217116.13,12.16
2024-02-12,4213,--,405,241093.33,15.71
2024-02-11,2695,--,393,230141.0,29.67
2024-02-10,1817,--,340,209963.47,13.92
2024-02-09,1387,--,297,194414.06,18.97
2024-02-08,1416,--,304,182155.84,15.07
2024-02-07,2223,--,393,252841.6,23.65
2024-02-06,2035,--,386,260448.32,38.97
2024-02-05,2076,--,381,281866.02,23.47
2024-02-04,2324,--,387,260666.77,24.99
2024-02-03,14805,--,413,261882.16,34.01
2024-02-02,14722,--,397,274324.24,17.12
2024-02-01,18105,--,301,246976.67,20.02
2024-01-31,4967,--,327,162718.02,24.44
2024-01-30,18257,--,366,167345.19,20.29
2024-01-29,19493,--,407,193679.85,23.41
2024-01-28,32603,--,371,178007.33,10.28
2024-01-27,47247,--,403,176778.31,10.0
2024-01-26,36810,--,410,163958.57,10.44
2024-01-25,45915,--,427,189345.49,12.9
2024-01-24,34756,--,410,191013.69,17.86
2024-01-23,19576,--,412,177240.88,16.05
2024-01-22,15261,--,367,191722.06,16.73
2024-01-21,47419,--,438,201875.39,16.57
2024-01-20,25021,--,381,187175.41,16.62
2024-01-19,15267,--,423,200419.4,20.47
2024-01-18,35600,--,448,196377.37,22.93
2024-01-17,44950,--,449,198282.73,21.65
2024-01-16,13922,--,379,177834.99,20.77
2024-01-15,8643,--,410,214799.93,21.12
2024-01-14,11998,--,371,172771.84,17.42
2024-01-13,14823,--,420,188402.61,26.28
2024-01-12,13010,--,424,215885.54,15.23
2024-01-11,7112,--,367,190741.46,13.28
2024-01-10,18481,--,389,205035.26,26.21
2024-01-09,36275,--,423,190242.11,22.44
2024-01-08,22753,--,400,196338.16,4.62
2024-01-07,3798,--,309,202762.73,9.82
2024-01-06,7852,--,345,209765.08,22.03
2024-01-05,7792,--,381,215420.37,13.15
2024-01-04,7930,--,439,220058.58,16.2
2024-01-03,13475,--,417,216226.74,18.99
2024-01-02,34059,--,452,236641.83,22.97
2024-01-01,10518,--,243,160023.69,5.4
2023-12-31,5897,--,231,145466.97,9.04
2023-12-30,3948,--,341,182648.99,12.19
2023-12-29,4014,--,350,189580.0,6.01
2023-12-28,4208,--,431,197999.96,16.62
2023-12-27,3696,--,438,213894.79,6.2
2023-12-26,4632,--,419,224258.34,23.94
2023-12-25,2878,--,269,194302.66,18.9
2023-12-24,4051,--,263,189860.19,5.09
2023-12-23,3848,--,353,200081.88,12.74
2023-12-22,3297,--,361,192347.29,15.76
2023-12-21,4634,--,406,244635.64,5.33
2023-12-20,4957,--,467,247124.66,6.08
2023-12-19,4470,--,480,257456.3,28.27
2023-12-18,4085,--,465,253229.69,23.09
2023-12-17,4528,--,435,266178.88,11.07
2023-12-16,4027,--,447,288600.54,10.14
2023-12-15,3299,--,384,203120.73,8.13
2023-12-14,3669,--,424,267050.57,10.56
2023-12-13,5934,--,449,278904.96,22.15
2023-12-12,5931,--,470,246866.19,26.11
2023-12-11,4645,--,453,272406.81,20.15
2023-12-10,6005,--,498,281158.2,13.55
2023-12-09,6638,--,487,300980.41,16.05
2023-12-08,5808,--,401,251541.29,23.5
2023-12-07,7082,--,413,223594.51,12.5
2023-12-06,6992,--,453,251634.57,10.47
2023-12-05,5891,--,510,254084.61,11.17
2023-12-04,5494,--,491,268843.92,19.27
2023-12-03,8446,--,488,297747.16,19.06
2023-12-02,5894,--,464,236328.99,12.31
2023-12-01,28737,--,483,251906.99,17.59
2023-11-30,8268,--,603,265838.31,12.08
2023-11-29,6066,--,628,301870.35,11.46
2023-11-28,5325,--,627,288567.72,11.12
2023-11-27,4798,--,594,300898.33,35.38
2023-11-26,9214,--,615,299772.36,58.37
2023-11-25,10109,--,513,307926.46,40.68
2023-11-24,9571,--,603,308096.27,64.11
2023-11-23,7904,--,541,313721.37,27.07
2023-11-22,12656,--,592,339614.58,51.39
2023-11-21,9748,--,590,316874.28,22.03
2023-11-20,27638,--,598,313332.86,16.19
2023-11-19,20677,--,550,329275.89,17.53
2023-11-18,26661,--,525,319353.1,19.89
2023-11-17,6707,--,497,301845.28,10.16
2023-11-16,6151,--,632,331027.99,13.67
2023-11-15,4814,--,525,315977.88,14.34
2023-11-14,4414,--,525,339853.7,10.54
2023-11-13,5785,--,491,340732.71,7.04
2023-11-12,5493,--,476,321774.62,22.92
2023-11-11,4662,--,514,293436.56,12.98
2023-11-10,4509,--,577,307277.88,20.89
2023-11-09,5077,--,615,326644.89,10.81
2023-11-08,5864,--,639,366584.7,26.34
2023-11-07,6472,--,616,336552.08,25.56
2023-11-06,9057,--,547,338856.7,20.95
2023-11-05,13754,--,535,344122.07,19.19
2023-11-04,9335,--,548,390830.93,15.27
2023-11-03,7352,--,503,291425.38,16.96
2023-11-02,6597,--,624,387871.85,14.92
2023-11-01,3102,--,423,278631.51,23.27
2023-10-31,2791,--,406,252406.18,17.85
2023-10-30,3973,--,522,282009.71,39.43
2023-10-29,3908,--,421,302179.37,12.65
2023-10-28,4292,--,473,265401.92,21.58
2023-10-27,4435,--,518,235692.25,27.94
2023-10-26,5140,--,532,278535.16,15.33
2023-10-25,5567,--,621,302106.68,33.93
2023-10-24,4571,--,589,284524.57,35.52
2023-10-23,2822,--,397,221093.3,16.53
2023-10-22,3957,--,431,285775.89,15.76
2023-10-21,4110,--,427,230007.46,15.09
2023-10-20,4070,--,397,245830.79,9.04
2023-10-19,4894,--,495,283309.62,8.74
2023-10-18,5496,--,546,299849.76,24.08
2023-10-17,5261,--,527,278012.79,10.53
2023-10-16,4506,--,475,310022.66,17.34
2023-10-15,11650,--,422,236896.91,11.06
2023-10-14,22076,--,430,252906.27,9.97
2023-10-13,11184,--,451,256366.57,7.98
2023-10-12,10145,--,481,267600.84,23.35
2023-10-11,5389,--,497,252095.64,20.93
2023-10-10,20250,--,674,208866.12,8.83
2023-10-09,21061,--,552,254437.12,20.73
2023-10-08,6580,--,460,282731.41,17.0
2023-10-07,6261,--,472,276358.96,27.09
2023-10-06,3917,--,376,209874.9,6.85
2023-10-05,4162,--,421,235450.7,13.76
2023-10-04,4726,--,455,268019.18,12.26
2023-10-03,5643,--,465,230005.22,18.0
2023-10-02,5254,--,364,206892.57,18.93
2023-09-30,4915,--,385,211120.98,16.05
2023-09-29,4288,--,377,175804.0,11.88
2023-09-28,5015,--,418,209033.84,4.04
2023-09-27,4801,--,510,211342.99,13.91
2023-09-26,4834,--,400,226100.87,4.68
2023-09-25,4050,--,432,276883.91,7.27
2023-09-24,6610,--,406,222457.19,6.5
2023-09-23,7715,--,457,230301.64,5.63
2023-09-22,5144,--,392,197517.93,3.5
2023-09-21,5160,--,433,267717.65,11.0
2023-09-20,7002,--,459,243230.83,8.44
2023-09-19,9785,--,496,280340.44,8.0
2023-09-18,6833,--,501,292839.19,20.72
2023-09-17,6580,--,427,217706.71,15.37
2023-09-16,5568,--,404,208597.96,7.18
2023-09-15,4934,--,411,231527.68,7.1
2023-09-14,5197,--,476,234416.23,6.41
2023-09-13,6916,--,504,250754.09,13.0
2023-09-12,6441,--,492,243291.67,5.5
2023-09-11,6267,--,517,239781.06,4.6
2023-09-10,8102,--,483,277313.46,12.58
2023-09-09,7798,--,467,239066.88,13.29
2023-09-08,12053,--,561,282901.31,10.33
2023-09-07,7848,--,532,257750.11,9.79
2023-09-06,10753,--,603,308646.58,14.07
2023-09-05,8312,--,603,319824.02,23.67
2023-09-04,14859,--,682,347430.07,15.47
2023-09-03,10193,--,593,290521.94,18.39
2023-09-02,7866,--,484,234090.15,5.48
2023-09-01,8277,--,455,221515.18,12.34
2023-08-31,5788,--,500,247743.39,9.02
2023-08-30,5438,--,566,269454.84,21.45
2023-08-29,5080,--,544,237001.74,8.14
2023-08-28,5210,--,565,284135.4,37.74
2023-08-27,5797,--,466,304384.22,27.1
2023-08-26,6042,--,462,233565.19,11.66
2023-08-25,9767,--,553,252678.48,14.02
2023-08-24,14164,--,624,276555.18,25.87
2023-08-23,9118,--,625,266627.83,17.66
2023-08-22,13099,--,628,260259.46,25.87
2023-08-21,11088,--,650,280518.83,27.92
2023-08-20,12431,--,647,256764.85,25.41
2023-08-19,19997,--,817,329220.72,9.03
2023-08-18,17015,--,819,269354.55,15.9
2023-08-17,26297,--,858,292447.61,22.46
2023-08-16,3249,--,482,204496.28,36.48
2023-08-15,44380,--,1939,310387.56,36.9
2023-08-14,5734,--,602,222068.11,28.98
2023-08-13,30135,--,959,303359.39,42.44
2023-08-12,15399,--,587,308297.82,29.55
2023-08-11,6809,--,454,237449.22,34.45
2023-08-10,10652,--,573,245206.74,10.17
2023-08-09,7441,--,554,240688.71,37.64
2023-08-08,9332,--,618,241071.59,22.85
2023-08-07,7593,--,587,259131.08,19.23
2023-08-06,7795,--,526,269701.18,16.24
2023-08-05,13800,--,591,236582.19,19.46
2023-08-04,20189,--,826,252681.73,7.8
2023-08-03,15158,--,767,242692.02,37.65
2023-08-02,10528,--,654,238298.81,28.55
2023-08-01,11993,--,664,269607.7,24.75
2023-07-31,7465,--,578,190049.52,13.78
2023-07-30,6497,--,541,195756.97,16.34
2023-07-29,14614,--,667,230425.81,20.29
2023-07-28,8279,--,547,206189.42,8.1
2023-07-27,7158,--,530,201097.05,11.4
2023-07-26,7888,--,574,219575.05,5.0
2023-07-25,13719,--,681,240804.09,16.25
2023-07-24,7631,--,654,303061.48,9.7
2023-07-23,12533,--,659,210635.11,27.59
2023-07-22,9324,--,614,164545.48,20.43
2023-07-21,7548,--,540,212178.93,18.7
2023-07-20,10431,--,471,226862.63,13.62
2023-07-19,6105,--,517,232235.45,20.93
2023-07-18,5369,--,581,241766.31,22.23
2023-07-17,6825,--,663,271173.37,27.39
2023-07-16,14527,--,606,258436.48,21.02
2023-07-15,7544,--,515,207836.42,10.16
2023-07-14,4537,--,549,183508.53,9.65
2023-07-13,11048,--,683,262036.23,13.0
2023-07-12,5948,--,669,250990.75,8.13
2023-07-11,3894,--,518,207096.09,8.67
2023-07-10,8341,--,646,245748.41,25.97
2023-07-09,6980,--,552,200696.01,23.41
2023-07-08,5246,--,466,228709.3,17.08
2023-07-07,7443,--,591,250722.6,13.07
2023-07-06,6722,--,618,239917.49,14.3
2023-07-05,5980,--,615,245523.47,13.39
2023-07-04,5711,--,624,250575.38,26.58
2023-07-03,5125,--,442,148386.92,11.98
2023-07-02,3914,--,366,105957.13,4.86
2023-07-01,4179,--,378,120095.61,5.04
2023-06-30,7190,--,548,207306.15,13.0
2023-06-29,6274,--,610,259924.5,20.25
2023-06-28,6649,--,601,234862.48,19.64
2023-06-27,7682,--,670,260670.74,42.06
2023-06-26,6049,--,642,255933.16,29.61
2023-06-25,9719,--,558,224382.63,13.29
2023-06-24,6107,--,534,265662.85,15.6
2023-06-23,5756,--,531,191834.27,17.13
2023-06-22,5912,--,603,262038.89,15.19
2023-06-21,7606,--,582,278848.1,14.94
2023-06-20,6820,--,550,290338.27,7.02
2023-06-19,7493,--,583,325333.0,8.16
2023-06-18,7278,--,386,215324.4,9.62
2023-06-17,7072,--,499,243545.15,9.35
2023-06-16,7348,--,545,290972.97,8.97
2023-06-15,7738,--,570,258737.44,9.11
2023-06-14,11954,--,728,296354.41,12.53
2023-06-13,12086,--,739,317450.33,24.01
2023-06-12,12922,--,812,378990.78,13.39
2023-06-11,5636,--,414,221141.88,15.82
2023-06-10,6840,--,549,251226.21,17.24
2023-06-09,14418,--,669,309153.76,8.19
2023-06-08,8554,--,548,290082.45,17.48
2023-06-07,5618,--,510,252396.17,24.22
2023-06-06,6095,--,545,248219.29,12.3
2023-06-05,8765,--,646,299742.96,19.64
2023-06-04,8929,--,497,259542.38,11.42
2023-06-03,7661,--,520,283687.84,19.36
2023-06-02,8918,--,618,303353.05,15.03
2023-06-01,7458,--,536,223562.97,6.0
