Día,Alcance,Impresiones,Frecuencia,Importe gastado (COP),Clics en el enlace,Visitas a la página de destino,Artículos agregados al carrito,Pagos iniciados,Información de pago agregada,Compras,Inicio del informe,Fin del informe
2023-07-19,311840,465369,1.49233261,991719,8229,6716,131,,,25,2023-07-19,2023-07-19
2023-07-20,379793,560660,1.47622521,1017157,7593,6232,155,,,32,2023-07-20,2023-07-20
2023-07-21,357053,496565,1.39073191,986503,7954,6470,142,,,27,2023-07-21,2023-07-21
2023-07-22,353061,502796,1.42410518,995732,9347,7617,147,,,19,2023-07-22,2023-07-22
2023-07-23,352639,476381,1.35090276,922202,8872,7263,145,,,22,2023-07-23,2023-07-23
2023-07-24,92789,135123,1.45623942,296252,4678,3705,91,,,14,2023-07-24,2023-07-24
2023-07-25,93505,135981,1.45426448,276933,4544,3592,49,,,5,2023-07-25,2023-07-25
2023-07-26,71251,105185,1.47625998,216627,1910,1277,58,,,8,2023-07-26,2023-07-26
2023-07-27,83571,120967,1.4474758,303295,2426,1601,59,,,8,2023-07-27,2023-07-27
2023-07-28,84700,113818,1.34377804,272727,3711,2949,53,,,9,2023-07-28,2023-07-28
2023-07-29,101707,143454,1.41046339,282395,4581,3634,40,,,10,2023-07-29,2023-07-29
2023-07-30,115111,155935,1.35464899,283694,4811,3905,54,,,10,2023-07-30,2023-07-30
2023-07-31,30990,38822,1.25272669,70174,1053,885,34,,,9,2023-07-31,2023-07-31
2023-08-01,393820,657969,1.67073536,1328829,9454,6692,263,,,32,2023-08-01,2023-08-01
2023-08-02,477371,760169,1.59240716,1396118,9798,6838,260,,,44,2023-08-02,2023-08-02
2023-08-03,404213,634937,1.57079807,1207709,8079,5558,233,,,42,2023-08-03,2023-08-03
2023-08-04,33668,50546,1.50130688,185481,2312,1293,44,,,8,2023-08-04,2023-08-04
2023-08-05,41082,59986,1.460153,197657,2927,1569,38,,,10,2023-08-05,2023-08-05
2023-08-06,45678,66378,1.453172,204520,2737,1462,30,,,10,2023-08-06,2023-08-06
2023-08-07,280710,429720,1.530833,815241,8351,5838,242,,,36,2023-08-07,2023-08-07
2023-08-08,261004,399262,1.529716,856259,6376,4451,179,,,21,2023-08-08,2023-08-08
2023-08-09,264538,383413,1.449368,832053,5774,4053,179,,,24,2023-08-09,2023-08-09
2023-08-10,251892,379113,1.505062,833378,5435,3919,181,,,17,2023-08-10,2023-08-10
2023-08-11,270938,397575,1.467402,827594,5453,3874,148,,,32,2023-08-11,2023-08-11
2023-08-12,294339,439388,1.492796,867876,5655,3980,180,,,25,2023-08-12,2023-08-12
2023-08-13,313375,464167,1.481187,867027,6115,4372,240,,,34,2023-08-13,2023-08-13
2023-08-14,288010,407021,1.413218,687226,5447,3996,162,,,24,2023-08-14,2023-08-14
2023-08-15,256001,385166,1.504549,789575,5585,4019,238,,,31,2023-08-15,2023-08-15
2023-08-16,257314,385260,1.497237,830527,5348,3805,223,,,42,2023-08-16,2023-08-16
2023-08-17,268533,405030,1.508306,825462,5191,3667,149,,,25,2023-08-17,2023-08-17
2023-08-18,259596,385637,1.485528,811822,4929,3491,140,,,20,2023-08-18,2023-08-18
2023-08-19,261689,386932,1.478595,820277,5040,3483,108,,,22,2023-08-19,2023-08-19
2023-08-20,300126,440375,1.4673,880292,5789,3996,171,,,22,2023-08-20,2023-08-20
2023-08-21,278146,440619,1.584128,828238,5904,4113,186,,,25,2023-08-21,2023-08-21
2023-08-22,267206,400899,1.500337,821801,5349,3750,172,,,22,2023-08-22,2023-08-22
2023-08-23,224649,349829,1.557225,792572,4639,3163,189,,,24,2023-08-23,2023-08-23
2023-08-24,230597,358045,1.552687,805461,4640,3275,178,,,18,2023-08-24,2023-08-24
2023-08-25,230109,334318,1.452868,772523,4249,3035,121,,,16,2023-08-25,2023-08-25
2023-08-26,39761,50228,1.263248,149631,664,538,50,,,11,2023-08-26,2023-08-26
2023-08-27,0,0,0.0,0,,1,18,,,2,2023-08-27,2023-08-27
2023-08-28,0,0,0.0,0,,,35,,,10,2023-08-28,2023-08-28
2023-08-29,96799,135925,1.404198,431709,5519,3084,64,,,6,2023-08-29,2023-08-29
2023-08-30,111346,174737,1.569315,654443,7344,4715,86,,,12,2023-08-30,2023-08-30
2023-08-31,46529,59038,1.268843,230207,2199,1571,39,,,11,2023-08-31,2023-08-31
2023-09-01,76333,115612,1.514574,365023,4199,2215,108,,,10,2023-09-01,2023-09-01
2023-09-02,108041,165739,1.534038,376696,4644,2668,125,,,10,2023-09-02,2023-09-02
2023-09-03,138158,200159,1.448769,411609,5282,3134,106,,,10,2023-09-03,2023-09-03
2023-09-04,132794,186682,1.405801,404464,4813,2729,110,,,17,2023-09-04,2023-09-04
2023-09-05,126928,175521,1.382839,380853,4123,2478,74,,,12,2023-09-05,2023-09-05
2023-09-06,119959,165670,1.381055,377634,4114,2401,97,,,13,2023-09-06,2023-09-06
2023-09-07,114042,161180,1.413339,397077,3939,2359,87,,,5,2023-09-07,2023-09-07
2023-09-08,125474,170823,1.361421,380875,3842,2199,72,,,11,2023-09-08,2023-09-08
2023-09-09,140099,189406,1.351944,387085,4096,2262,59,,,6,2023-09-09,2023-09-09
2023-09-10,154299,212346,1.376198,403610,4437,2408,87,,,8,2023-09-10,2023-09-10
2023-09-11,130691,174686,1.336634,389173,3553,1975,78,,,8,2023-09-11,2023-09-11
2023-09-12,117047,159151,1.359719,384705,3505,1821,73,,,5,2023-09-12,2023-09-12
2023-09-13,90237,131279,1.454825,361680,3109,1697,88,,,13,2023-09-13,2023-09-13
2023-09-14,105873,155415,1.467938,374324,3386,1787,67,,,9,2023-09-14,2023-09-14
2023-09-15,94565,133118,1.407688,359791,2859,1602,73,,,12,2023-09-15,2023-09-15
2023-09-16,97231,139085,1.430459,373062,2909,1520,39,,,2,2023-09-16,2023-09-16
2023-09-17,92377,136081,1.473105,396918,3226,1796,78,,,11,2023-09-17,2023-09-17
2023-09-18,107613,155349,1.44359,372925,2294,1001,48,,,14,2023-09-18,2023-09-18
2023-09-19,85917,138575,1.612894,390028,2011,716,43,,,9,2023-09-19,2023-09-19
2023-09-20,94742,143724,1.517004,377080,2144,741,52,,,7,2023-09-20,2023-09-20
2023-09-21,95090,139229,1.464181,383381,2219,739,63,,,4,2023-09-21,2023-09-21
2023-09-22,77738,120371,1.548419,365711,2367,970,54,,,5,2023-09-22,2023-09-22
2023-09-23,78100,122680,1.570807,395464,2486,1124,81,,,7,2023-09-23,2023-09-23
2023-09-24,96203,145891,1.516491,403110,2542,1173,82,,,10,2023-09-24,2023-09-24
2023-09-25,93368,139049,1.489258,376756,2584,1212,84,,,5,2023-09-25,2023-09-25
2023-09-26,92646,138619,1.496222,387185,2279,1149,50,,,4,2023-09-26,2023-09-26
2023-09-27,92625,135309,1.460826,358925,2019,1026,69,,,9,2023-09-27,2023-09-27
2023-09-28,91366,140191,1.534389,358000,1966,996,43,,,12,2023-09-28,2023-09-28
2023-09-29,98208,140951,1.435229,357548,1858,881,40,,,8,2023-09-29,2023-09-29
2023-09-30,24749,32228,1.302194,104211,498,243,30,,,6,2023-09-30,2023-09-30
2023-10-01,106555,179958,1.688874,369955,3128,2263,69,,,14,2023-10-01,2023-10-01
2023-10-02,114732,198548,1.730537,436185,3430,2475,101,,,21,2023-10-02,2023-10-02
2023-10-03,119051,204108,1.714459,440833,3368,2412,75,,,13,2023-10-03,2023-10-03
2023-10-04,106741,185989,1.742433,416367,3131,2332,61,,,7,2023-10-04,2023-10-04
2023-10-05,95533,166585,1.743743,425810,2866,2029,67,,,14,2023-10-05,2023-10-05
2023-10-06,105178,168984,1.606648,430658,2956,2124,59,,,9,2023-10-06,2023-10-06
2023-10-07,111323,175131,1.573179,447753,3159,2228,66,,,9,2023-10-07,2023-10-07
2023-10-08,120119,184825,1.538682,454130,3414,2487,86,,,15,2023-10-08,2023-10-08
2023-10-09,106060,174960,1.649632,443234,2791,1998,68,,,20,2023-10-09,2023-10-09
2023-10-10,111205,168583,1.515966,437237,2580,1800,68,,,11,2023-10-10,2023-10-10
2023-10-11,99962,156782,1.568416,424644,2455,1740,50,,,9,2023-10-11,2023-10-11
2023-10-12,99445,153646,1.545035,426436,2708,1894,66,,,15,2023-10-12,2023-10-12
2023-10-13,87698,141475,1.613207,423544,2472,1799,52,,,9,2023-10-13,2023-10-13
2023-10-14,94653,148488,1.568762,435701,2746,1910,61,,,6,2023-10-14,2023-10-14
2023-10-15,87859,138362,1.574819,418981,2665,1891,48,,,7,2023-10-15,2023-10-15
2023-10-16,39243,58838,1.499325,200831,1622,1054,31,,,8,2023-10-16,2023-10-16
2023-10-17,33749,54981,1.629115,218272,1673,1056,45,,,12,2023-10-17,2023-10-17
2023-10-18,35318,54755,1.550343,220361,1541,974,52,,,8,2023-10-18,2023-10-18
2023-10-19,31914,49244,1.543022,212523,1426,893,41,,,8,2023-10-19,2023-10-19
2023-10-20,31845,49874,1.566149,210258,1478,875,30,,,1,2023-10-20,2023-10-20
2023-10-21,37823,56097,1.483145,226705,1595,963,37,,,10,2023-10-21,2023-10-21
2023-10-22,38727,57225,1.477651,226067,1593,971,43,,,5,2023-10-22,2023-10-22
2023-10-23,35977,53897,1.498096,206257,1059,615,49,,,6,2023-10-23,2023-10-23
2023-10-24,155526,255587,1.643372,823392,4816,3458,238,,,38,2023-10-24,2023-10-24
2023-10-25,174769,281728,1.612002,813123,4813,3578,207,,,40,2023-10-25,2023-10-25
2023-10-26,234574,349030,1.487931,857013,5195,3828,186,,,18,2023-10-26,2023-10-26
2023-10-27,245717,350179,1.425131,790424,4614,3397,150,,,25,2023-10-27,2023-10-27
2023-10-28,265462,392808,1.479715,850746,5282,3832,162,,,27,2023-10-28,2023-10-28
2023-10-29,385775,550101,1.425963,875591,5698,4136,142,,,22,2023-10-29,2023-10-29
2023-10-30,296899,443170,1.492662,773723,4840,3486,153,,,36,2023-10-30,2023-10-30
2023-10-31,260859,377942,1.448836,613258,3795,2965,115,,,20,2023-10-31,2023-10-31
2023-11-01,114246,191060,1.672356,480696,3719,2052,121,,,23,2023-11-01,2023-11-01
2023-11-02,140399,231593,1.649535,550008,3317,1872,130,,,14,2023-11-02,2023-11-02
2023-11-03,136192,217748,1.598831,524653,2984,1701,99,,,16,2023-11-03,2023-11-03
2023-11-04,178542,266381,1.491979,551797,2981,1710,93,,,17,2023-11-04,2023-11-04
2023-11-05,193544,285170,1.473412,567279,3397,1898,112,,,17,2023-11-05,2023-11-05
2023-11-06,198839,290115,1.459045,553026,3324,1843,101,,,19,2023-11-06,2023-11-06
2023-11-07,160289,250640,1.563676,507790,2826,1500,100,,,14,2023-11-07,2023-11-07
2023-11-08,165636,249721,1.507649,524500,2699,1476,98,,,14,2023-11-08,2023-11-08
2023-11-09,151719,236960,1.561835,544071,2537,1327,110,,,13,2023-11-09,2023-11-09
2023-11-10,153372,231649,1.510373,523059,2414,1155,120,,,27,2023-11-10,2023-11-10
2023-11-11,156573,241345,1.541422,543365,2581,1238,125,,,16,2023-11-11,2023-11-11
2023-11-12,178013,266703,1.498222,549319,2775,1313,136,,,18,2023-11-12,2023-11-12
2023-11-13,172483,268957,1.559325,519702,2685,1196,118,,,14,2023-11-13,2023-11-13
2023-11-14,165493,264367,1.597451,562499,2650,1382,88,,,13,2023-11-14,2023-11-14
2023-11-15,142107,219871,1.547221,566415,3951,2517,78,,,8,2023-11-15,2023-11-15
2023-11-16,135512,210077,1.550246,573201,4405,3060,84,,,12,2023-11-16,2023-11-16
2023-11-17,115350,187317,1.623901,531700,3530,2493,70,,,5,2023-11-17,2023-11-17
2023-11-18,167192,242692,1.451577,612765,5123,3573,69,,,18,2023-11-18,2023-11-18
2023-11-19,185130,264667,1.429628,628597,5421,3979,72,,,15,2023-11-19,2023-11-19
2023-11-20,163717,231803,1.415876,590402,4861,3534,62,,,9,2023-11-20,2023-11-20
2023-11-21,64126,91894,1.433022,310637,3280,2609,26,,,3,2023-11-21,2023-11-21
2023-11-22,405195,674309,1.664159,1986601,10995,6687,477,,,77,2023-11-22,2023-11-22
2023-11-23,216580,306087,1.413275,1017280,4870,3273,207,,,35,2023-11-23,2023-11-23
2023-11-24,325374,451297,1.38701,1714747,5798,3469,244,,,40,2023-11-24,2023-11-24
2023-11-25,543775,777412,1.429657,2772432,10239,6375,292,,,58,2023-11-25,2023-11-25
2023-11-26,580200,806071,1.389299,2763626,11078,7087,375,,,80,2023-11-26,2023-11-26
2023-11-27,527009,924855,1.754913,4241512,11312,5152,365,,,73,2023-11-27,2023-11-27
2023-11-28,83109,119512,1.438015,532973,2387,1596,43,,,5,2023-11-28,2023-11-28
2023-11-29,62821,83550,1.329969,332334,1888,1343,39,,,8,2023-11-29,2023-11-29
2023-11-30,46370,74058,1.59711,298022,1114,694,49,,,7,2023-11-30,2023-11-30
2023-12-01,147119,221081,1.502736,730944,4549,2591,117,,,13,2023-12-01,2023-12-01
2023-12-02,215637,303332,1.406679,809915,5180,3169,104,,,7,2023-12-02,2023-12-02
2023-12-03,197632,295205,1.493711,848874,7429,4967,127,,,13,2023-12-03,2023-12-03
2023-12-04,159362,249799,1.567494,776527,3797,1701,114,,,17,2023-12-04,2023-12-04
2023-12-05,180628,264105,1.462149,824592,5191,3058,132,,,17,2023-12-05,2023-12-05
2023-12-06,156466,232437,1.485543,759463,5908,3988,93,,,8,2023-12-06,2023-12-06
2023-12-07,142786,228824,1.602566,719734,4637,2994,68,,,12,2023-12-07,2023-12-07
2023-12-08,180828,266340,1.472891,793042,6418,4419,107,,,16,2023-12-08,2023-12-08
2023-12-09,183010,280239,1.531277,806831,7463,5119,109,,,20,2023-12-09,2023-12-09
2023-12-10,193620,297936,1.538767,833294,7673,5162,165,,,18,2023-12-10,2023-12-10
2023-12-11,187560,291276,1.552975,758997,5452,3544,142,,,16,2023-12-11,2023-12-11
2023-12-12,222168,330441,1.487347,969637,9098,6441,158,,,24,2023-12-12,2023-12-12
2023-12-13,240847,333579,1.385025,921474,7792,5720,170,,,22,2023-12-13,2023-12-13
2023-12-14,208615,292929,1.404161,947246,7711,5364,155,,,20,2023-12-14,2023-12-14
2023-12-15,145324,214932,1.478985,711889,5135,3705,108,,,23,2023-12-15,2023-12-15
2023-12-16,170448,245312,1.439219,815231,6405,4419,78,,,23,2023-12-16,2023-12-16
2023-12-17,152183,228513,1.501567,753790,6180,4448,87,,,16,2023-12-17,2023-12-17
2023-12-18,133308,179458,1.346191,502224,4405,3018,71,,,18,2023-12-18,2023-12-18
2023-12-19,165506,250375,1.512785,819463,6454,4384,112,,,27,2023-12-19,2023-12-19
2023-12-20,160176,236966,1.47941,774049,6298,4472,106,,,31,2023-12-20,2023-12-20
2023-12-21,162797,234835,1.442502,772754,6347,4579,73,,,8,2023-12-21,2023-12-21
2023-12-22,154910,231104,1.49186,742288,6109,4350,119,,,19,2023-12-22,2023-12-22
2023-12-23,152600,233201,1.528185,777383,4751,3050,67,,,22,2023-12-23,2023-12-23
2023-12-24,171391,253902,1.48142,762791,4976,3328,54,,,8,2023-12-24,2023-12-24
2023-12-25,240863,338949,1.407227,846131,7373,5030,70,,,14,2023-12-25,2023-12-25
2023-12-26,226629,322679,1.42382,815051,8434,6115,126,,,21,2023-12-26,2023-12-26
2023-12-27,195468,286916,1.467841,816512,7640,5437,104,,,25,2023-12-27,2023-12-27
2023-12-28,215971,308336,1.427673,781435,7855,5720,97,,,17,2023-12-28,2023-12-28
2023-12-29,218211,304318,1.394604,765824,7688,5563,98,,,23,2023-12-29,2023-12-29
2023-12-30,216861,320405,1.477467,790728,7760,5508,97,,,23,2023-12-30,2023-12-30
2023-12-31,64152,83738,1.305306,204585,1750,1351,32,,,7,2023-12-31,2023-12-31
2024-01-01,139571,204931,1.468292,315392,3387,1965,171,,,6,2024-01-01,2024-01-01
2024-01-02,181580,256960,1.415134,374214,3953,2607,234,,,44,2024-01-02,2024-01-02
2024-01-03,202198,265874,1.314919,376700,4289,2745,160,,,29,2024-01-03,2024-01-03
2024-01-04,179279,239390,1.335293,365838,4189,2762,135,,,40,2024-01-04,2024-01-04
2024-01-05,151834,208401,1.372558,352172,3136,2001,144,,,25,2024-01-05,2024-01-05
2024-01-06,163705,216949,1.325244,370802,3160,1947,139,,,29,2024-01-06,2024-01-06
2024-01-07,178545,237816,1.331967,389506,3761,2312,103,,,9,2024-01-07,2024-01-07
2024-01-08,184406,235515,1.277155,368939,3596,2234,109,,,14,2024-01-08,2024-01-08
2024-01-09,165088,215942,1.308042,356022,3406,2204,133,,,20,2024-01-09,2024-01-09
2024-01-10,160557,228419,1.422666,422068,3818,2553,145,,,33,2024-01-10,2024-01-10
2024-01-11,148635,217821,1.465476,423471,3908,2518,142,,,26,2024-01-11,2024-01-11
2024-01-12,153139,234265,1.529754,449167,3793,2480,151,,,19,2024-01-12,2024-01-12
2024-01-13,157841,234167,1.483563,441866,4056,2717,117,,,11,2024-01-13,2024-01-13
2024-01-14,169297,250307,1.478508,463440,4181,2769,144,,,18,2024-01-14,2024-01-14
2024-01-15,163605,236134,1.443318,463886,3924,2693,136,,,17,2024-01-15,2024-01-15
2024-01-16,187664,279505,1.489391,595943,4470,2986,155,,,23,2024-01-16,2024-01-16
2024-01-17,179862,285475,1.587189,611728,4659,3194,178,,,28,2024-01-17,2024-01-17
2024-01-18,167632,262509,1.565984,598932,4694,3239,160,,,21,2024-01-18,2024-01-18
2024-01-19,162719,254948,1.566799,574631,4362,3074,129,,,26,2024-01-19,2024-01-19
2024-01-20,182221,277061,1.520467,598246,4234,2920,113,,,13,2024-01-20,2024-01-20
2024-01-21,191513,298684,1.559602,620511,4827,3379,87,,,9,2024-01-21,2024-01-21
2024-01-22,165171,260721,1.578491,549730,4324,3093,103,,,17,2024-01-22,2024-01-22
2024-01-23,146533,229716,1.567674,508634,3790,2749,79,,,8,2024-01-23,2024-01-23
2024-01-24,125189,189280,1.511954,436868,3174,2263,100,,,16,2024-01-24,2024-01-24
2024-01-25,121314,183845,1.515448,416237,3080,2151,122,,,19,2024-01-25,2024-01-25
2024-01-26,124292,186841,1.503242,425425,3041,2102,114,,,21,2024-01-26,2024-01-26
2024-01-27,122652,184691,1.505813,437210,3025,2046,126,,,20,2024-01-27,2024-01-27
2024-01-28,133636,202446,1.514906,438262,3089,2084,116,,,19,2024-01-28,2024-01-28
2024-01-29,47224,69487,1.471434,182611,1112,843,100,,,25,2024-01-29,2024-01-29
2024-01-30,0,0,0.0,0,,4,14,,,2,2024-01-30,2024-01-30
2024-01-31,0,0,0.0,0,,,10,,,3,2024-01-31,2024-01-31
2024-02-01,25526,31078,1.217504,70934,946,110,33,,,5,2024-02-01,2024-02-01
2024-02-02,40545,59050,1.456406,155248,2042,287,59,,,5,2024-02-02,2024-02-02
2024-02-03,152673,222140,1.455005,466568,5475,1153,189,,,35,2024-02-03,2024-02-03
2024-02-04,181158,238051,1.314052,469881,5409,1136,115,,,22,2024-02-04,2024-02-04
2024-02-05,168220,236582,1.406385,450677,5173,1137,133,,,19,2024-02-05,2024-02-05
2024-02-06,159325,215295,1.351295,445974,4642,980,141,,,22,2024-02-06,2024-02-06
2024-02-07,156543,210533,1.344889,456630,4447,915,104,,,19,2024-02-07,2024-02-07
2024-02-08,156416,208001,1.329794,441745,4236,932,104,,,20,2024-02-08,2024-02-08
2024-02-09,164526,219747,1.335637,442909,4406,1064,107,,,10,2024-02-09,2024-02-09
2024-02-10,178319,236904,1.32854,437336,4239,942,87,,,9,2024-02-10,2024-02-10
2024-02-11,199820,257225,1.287284,463541,4054,618,84,,,15,2024-02-11,2024-02-11
2024-02-12,169455,230138,1.358107,439384,3900,643,83,,,17,2024-02-12,2024-02-12
2024-02-13,171876,229579,1.335725,444671,3860,753,89,,,9,2024-02-13,2024-02-13
2024-02-14,154279,210841,1.366622,557033,3457,604,92,,,18,2024-02-14,2024-02-14
2024-02-15,165717,215187,1.298521,388101,3393,527,97,,,9,2024-02-15,2024-02-15
2024-02-16,161933,210322,1.298821,403617,3413,493,95,,,14,2024-02-16,2024-02-16
2024-02-17,159677,206344,1.292259,409293,3173,387,105,,,26,2024-02-17,2024-02-17
2024-02-18,35960,47312,1.315684,176656,2085,311,46,,,12,2024-02-18,2024-02-18
2024-02-19,94649,136534,1.44253,414134,3676,628,120,,,12,2024-02-19,2024-02-19
2024-02-20,110595,145772,1.31807,413500,3375,458,95,,,8,2024-02-20,2024-02-20
2024-02-21,103874,143203,1.378622,415566,3077,421,78,,,10,2024-02-21,2024-02-21
2024-02-22,109181,148481,1.359953,416009,3318,558,87,,,7,2024-02-22,2024-02-22
2024-02-23,103335,135997,1.316079,401343,3115,416,55,,,7,2024-02-23,2024-02-23
2024-02-24,121389,156598,1.290051,418429,3182,402,60,,,8,2024-02-24,2024-02-24
2024-02-25,132891,167377,1.259506,426908,3298,409,98,,,9,2024-02-25,2024-02-25
2024-02-26,116462,156114,1.340472,426998,3084,533,97,,,11,2024-02-26,2024-02-26
2024-02-27,104866,141105,1.345574,389612,2894,411,81,,,8,2024-02-27,2024-02-27
2024-02-28,96282,132247,1.373538,386091,2803,480,61,,,15,2024-02-28,2024-02-28
2024-02-29,7040,8893,1.26321,43712,404,40,33,,,8,2024-02-29,2024-02-29
2024-03-01,203064,337539,1.66223,1011725,4500,2545,150,,,15,2024-03-01,2024-03-01
2024-03-02,252208,395120,1.566643,1061804,4391,2482,132,,,19,2024-03-02,2024-03-02
2024-03-03,281581,457922,1.626253,1127918,4758,2592,106,,,17,2024-03-03,2024-03-03
2024-03-04,278130,417076,1.499572,1007487,4369,2853,111,,,20,2024-03-04,2024-03-04
2024-03-05,262320,363885,1.38718,990847,4157,2747,96,,,19,2024-03-05,2024-03-05
2024-03-06,67627,102113,1.509944,360175,1444,742,58,,,11,2024-03-06,2024-03-06
2024-03-07,82809,119507,1.443164,395492,1479,787,57,,,16,2024-03-07,2024-03-07
2024-03-08,78237,114559,1.464256,382483,1477,882,21,,,4,2024-03-08,2024-03-08
2024-03-09,83419,120964,1.450077,397433,1895,1087,69,,,10,2024-03-09,2024-03-09
2024-03-10,105599,149088,1.411832,413303,2314,1191,60,,,7,2024-03-10,2024-03-10
2024-03-11,100053,146994,1.469161,404970,2332,1148,63,,,10,2024-03-11,2024-03-11
2024-03-12,97424,142479,1.462463,406113,2077,964,77,,,11,2024-03-12,2024-03-12
2024-03-13,82701,124704,1.50789,391470,1764,745,65,,,18,2024-03-13,2024-03-13
2024-03-14,79982,120437,1.505801,395866,1812,870,45,,,7,2024-03-14,2024-03-14
2024-03-15,85781,120030,1.399261,387474,1742,772,43,,,9,2024-03-15,2024-03-15
2024-03-16,83269,121698,1.461504,389603,1755,873,40,,,10,2024-03-16,2024-03-16
2024-03-17,92085,135639,1.472976,412129,1836,800,79,,,12,2024-03-17,2024-03-17
2024-03-18,95684,144259,1.507661,414067,2191,1314,53,,,8,2024-03-18,2024-03-18
2024-03-19,93504,145272,1.553645,410756,2276,1339,44,,,10,2024-03-19,2024-03-19
2024-03-20,86820,128106,1.475536,389233,2077,1132,55,,,11,2024-03-20,2024-03-20
2024-03-21,31864,50934,1.598481,198816,1069,632,48,,,2,2024-03-21,2024-03-21
2024-03-22,0,0,0.0,0,,6,10,,,2,2024-03-22,2024-03-22
2024-03-23,0,0,0.0,0,,,5,,,1,2024-03-23,2024-03-23
2024-03-24,0,0,0.0,0,,,4,,,,2024-03-24,2024-03-24
2024-03-25,0,0,0.0,0,,,4,,,,2024-03-25,2024-03-25
2024-03-26,95805,129608,1.352831,441997,1969,588,48,,,7,2024-03-26,2024-03-26
2024-03-27,142688,221213,1.550327,683279,3595,1498,72,,,13,2024-03-27,2024-03-27
2024-03-28,177950,260830,1.465749,723118,4230,2052,70,,,8,2024-03-28,2024-03-28
2024-03-29,166413,239893,1.441552,687125,4241,2352,84,,,14,2024-03-29,2024-03-29
2024-03-30,133872,213918,1.597929,650860,3786,1763,91,,,6,2024-03-30,2024-03-30
2024-03-31,27674,38737,1.399762,162696,792,287,45,,,4,2024-03-31,2024-03-31
2024-04-01,111203,166854,1.500445,408248,4261,2387,214,,,24,2024-04-01,2024-04-01
2024-04-02,111403,152977,1.373186,410245,3702,2054,147,,,16,2024-04-02,2024-04-02
2024-04-03,114388,150890,1.319107,389053,3081,1619,108,,,15,2024-04-03,2024-04-03
2024-04-04,111054,142438,1.282601,387819,3080,1650,111,,,16,2024-04-04,2024-04-04
2024-04-05,102204,143934,1.408301,400701,2900,1481,119,,,9,2024-04-05,2024-04-05
2024-04-06,113259,155715,1.374858,411554,3170,1638,105,,,15,2024-04-06,2024-04-06
2024-04-07,127879,171679,1.342511,423837,3324,1686,141,,,16,2024-04-07,2024-04-07
2024-04-08,120668,166278,1.377979,412518,3167,1670,123,,,13,2024-04-08,2024-04-08
2024-04-09,121306,162438,1.339076,404995,3048,1559,129,,,15,2024-04-09,2024-04-09
2024-04-10,110395,150819,1.366176,391753,2827,1446,161,,,27,2024-04-10,2024-04-10
2024-04-11,105212,140536,1.335741,391281,2555,1288,116,,,14,2024-04-11,2024-04-11
2024-04-12,115024,148747,1.293182,387975,2530,1220,79,,,10,2024-04-12,2024-04-12
2024-04-13,142922,190041,1.329683,443710,3533,1986,97,,,10,2024-04-13,2024-04-13
2024-04-14,168172,222154,1.320993,471963,4103,2401,117,,,20,2024-04-14,2024-04-14
2024-04-15,154245,212890,1.380207,448246,3709,2215,110,,,12,2024-04-15,2024-04-15
2024-04-16,117821,158949,1.349072,375204,2949,1835,122,,,18,2024-04-16,2024-04-16
2024-04-17,148958,194604,1.306435,445544,3454,2045,163,2,,16,2024-04-17,2024-04-17
2024-04-18,143313,198881,1.387739,436138,3522,2158,162,,,24,2024-04-18,2024-04-18
2024-04-19,126775,173944,1.372069,406381,2887,1610,136,,,14,2024-04-19,2024-04-19
2024-04-20,131646,175300,1.331601,409737,3143,1864,110,,,11,2024-04-20,2024-04-20
2024-04-21,0,0,0.0,0,,41,32,,,,2024-04-21,2024-04-21
2024-04-22,0,0,0.0,0,,,60,1,,1,2024-04-22,2024-04-22
2024-04-23,0,0,0.0,0,,,33,3,,1,2024-04-23,2024-04-23
2024-04-24,133844,179241,1.339178,549482,3452,2000,109,,,7,2024-04-24,2024-04-24
2024-04-25,206907,273204,1.320419,673664,5189,3136,172,,,23,2024-04-25,2024-04-25
2024-04-26,198156,266794,1.346384,654303,4898,2975,165,,,19,2024-04-26,2024-04-26
2024-04-27,169193,222779,1.316715,581922,3566,2013,105,,,13,2024-04-27,2024-04-27
2024-04-28,188602,249439,1.322568,584940,4227,2286,124,,,10,2024-04-28,2024-04-28
2024-04-29,148953,205010,1.37634,533001,3297,1811,171,1,,16,2024-04-29,2024-04-29
2024-04-30,43490,52420,1.205335,165692,824,469,67,1,,14,2024-04-30,2024-04-30
2024-05-01,145438,200594,1.379241,457759,3661,2177,148,,,10,2024-05-01,2024-05-01
2024-05-02,116242,163626,1.407632,497768,4477,3022,184,,,20,2024-05-02,2024-05-02
2024-05-03,138553,186061,1.342887,493871,4308,2974,136,,,13,2024-05-03,2024-05-03
2024-05-04,124710,166417,1.334432,476964,3815,2494,114,,,13,2024-05-04,2024-05-04
2024-05-05,144916,195568,1.349527,508702,3890,2520,109,,,14,2024-05-05,2024-05-05
2024-05-06,146312,181983,1.243801,483036,3642,2215,107,,,9,2024-05-06,2024-05-06
2024-05-07,165686,211569,1.276927,500071,3527,2308,129,,,12,2024-05-07,2024-05-07
2024-05-08,122800,166075,1.352402,496630,4691,3168,131,,,15,2024-05-08,2024-05-08
2024-05-09,104657,144497,1.380672,473075,4114,2796,147,,,26,2024-05-09,2024-05-09
2024-05-10,125312,169584,1.353294,475652,3285,2156,116,,,19,2024-05-10,2024-05-10
2024-05-11,140257,189626,1.35199,510810,2933,1810,119,,,23,2024-05-11,2024-05-11
2024-05-12,145713,197490,1.355335,508023,4320,2781,114,,,9,2024-05-12,2024-05-12
2024-05-13,133343,183480,1.376,484163,4322,2934,141,,,27,2024-05-13,2024-05-13
2024-05-14,140594,200596,1.426775,466305,2733,1707,122,,,8,2024-05-14,2024-05-14
2024-05-15,105543,146764,1.390561,446093,3398,2311,117,,,16,2024-05-15,2024-05-15
2024-05-16,113327,154716,1.365217,463737,3208,2082,127,,,19,2024-05-16,2024-05-16
2024-05-17,124751,174481,1.398634,504997,3198,2066,137,,,28,2024-05-17,2024-05-17
2024-05-18,130345,181585,1.393111,543054,4702,3199,178,,,30,2024-05-18,2024-05-18
2024-05-19,153584,209271,1.362583,543125,4201,2878,142,,,17,2024-05-19,2024-05-19
2024-05-20,114198,158941,1.391802,442244,3773,2441,147,,,15,2024-05-20,2024-05-20
2024-05-21,117898,162700,1.380006,444631,3810,2575,121,,,14,2024-05-21,2024-05-21
2024-05-22,128044,172962,1.350801,452080,3046,1962,136,,,16,2024-05-22,2024-05-22
2024-05-23,129167,172896,1.338546,452843,2929,1846,102,,,14,2024-05-23,2024-05-23
2024-05-24,105558,144989,1.373548,432994,2727,1660,83,,,17,2024-05-24,2024-05-24
2024-05-25,134435,192158,1.429375,475949,3087,1963,130,,,25,2024-05-25,2024-05-25
2024-05-26,133840,176777,1.320808,476277,4578,3229,139,,,27,2024-05-26,2024-05-26
2024-05-27,117857,156051,1.324071,457007,4607,3541,381,51,8,39,2024-05-27,2024-05-27
2024-05-28,88601,116481,1.314669,389711,3778,2895,343,49,8,22,2024-05-28,2024-05-28
2024-05-29,120233,146970,1.222377,427302,4775,3417,416,60,10,38,2024-05-29,2024-05-29
2024-05-30,115272,144862,1.256697,422077,5416,3761,426,54,10,36,2024-05-30,2024-05-30
2024-05-31,29731,34410,1.157378,109928,1231,953,207,39,7,28,2024-05-31,2024-05-31
2024-06-01,181307,286176,1.578406,729655,4216,2950,656,72,4,16,2024-06-01,2024-06-01
2024-06-02,158401,267641,1.689642,747754,4331,3079,573,60,5,28,2024-06-02,2024-06-02
2024-06-03,189327,306654,1.619706,720188,4715,3350,710,94,4,26,2024-06-03,2024-06-03
2024-06-04,175139,260540,1.487618,691417,3941,2815,579,78,6,42,2024-06-04,2024-06-04
2024-06-05,159208,249386,1.566416,709926,3821,2620,446,74,6,40,2024-06-05,2024-06-05
2024-06-06,129063,206892,1.603031,656796,3204,2188,371,49,7,20,2024-06-06,2024-06-06
2024-06-07,151139,225322,1.490826,734952,3526,2363,476,49,3,22,2024-06-07,2024-06-07
2024-06-08,148278,222217,1.498651,711073,3550,2480,482,53,4,26,2024-06-08,2024-06-08
2024-06-09,162378,250202,1.540861,745794,3776,2661,494,51,4,38,2024-06-09,2024-06-09
2024-06-10,151635,227050,1.497346,691216,3501,2508,592,68,10,42,2024-06-10,2024-06-10
2024-06-11,147194,220240,1.496257,675319,3375,2427,427,52,8,36,2024-06-11,2024-06-11
2024-06-12,135099,202431,1.49839,666791,3127,2291,308,40,7,16,2024-06-12,2024-06-12
2024-06-13,135989,195897,1.440536,643474,3005,2215,407,64,3,26,2024-06-13,2024-06-13
2024-06-14,123206,185613,1.506526,648572,2780,2052,358,61,8,51,2024-06-14,2024-06-14
2024-06-15,123412,191265,1.549809,683431,2964,2169,292,29,2,18,2024-06-15,2024-06-15
2024-06-16,157224,225291,1.43293,732936,3103,2336,423,46,5,30,2024-06-16,2024-06-16
2024-06-17,135299,199218,1.472428,704916,3022,2291,384,52,8,32,2024-06-17,2024-06-17
2024-06-18,125745,188122,1.496059,681215,3005,2249,486,68,15,20,2024-06-18,2024-06-18
2024-06-19,117595,177069,1.505753,658544,2772,2079,428,74,24,22,2024-06-19,2024-06-19
2024-06-20,109491,163986,1.497712,627264,2564,1901,414,58,14,18,2024-06-20,2024-06-20
2024-06-21,85387,114822,1.344725,398415,1977,1449,320,67,17,29,2024-06-21,2024-06-21
2024-06-22,80285,113028,1.407835,338828,1892,1433,287,27,5,27,2024-06-22,2024-06-22
2024-06-23,102193,140786,1.377648,374504,2285,1760,313,30,6,27,2024-06-23,2024-06-23
2024-06-24,188295,296792,1.576208,1001601,4195,3355,982,100,9,77,2024-06-24,2024-06-24
2024-06-25,276235,392101,1.419447,1222180,4768,3761,673,76,11,48,2024-06-25,2024-06-25
2024-06-26,326557,454039,1.390382,1301796,4880,3802,768,80,14,74,2024-06-26,2024-06-26
2024-06-27,295215,394775,1.337246,1199520,5022,4180,735,81,11,72,2024-06-27,2024-06-27
2024-06-28,64856,93412,1.440299,327615,1728,1340,268,40,7,28,2024-06-28,2024-06-28
2024-06-29,79741,110146,1.381297,331529,1818,1382,233,31,3,24,2024-06-29,2024-06-29
2024-06-30,33251,39235,1.179965,122843,601,448,114,20,3,28,2024-06-30,2024-06-30
2024-07-01,54940,84658,1.540917,330492,2560,1169,130,18,3,14,2024-07-01,2024-07-01
2024-07-02,68181,116225,1.704654,479733,2791,1039,246,40,8,16,2024-07-02,2024-07-02
2024-07-03,72901,118739,1.628771,492161,2881,1113,202,23,6,22,2024-07-03,2024-07-03
2024-07-04,67078,113808,1.696652,489513,2812,1086,161,30,4,10,2024-07-04,2024-07-04
2024-07-05,69254,114275,1.650085,469963,2825,1064,161,19,2,16,2024-07-05,2024-07-05
2024-07-06,75678,127178,1.680515,488222,2823,1058,157,20,1,22,2024-07-06,2024-07-06
2024-07-07,86867,140159,1.61349,532195,3192,1221,201,17,2,18,2024-07-07,2024-07-07
2024-07-08,79793,131435,1.6472,500469,2888,1092,165,17,2,14,2024-07-08,2024-07-08
2024-07-09,81458,137562,1.688748,503311,2808,1075,224,28,3,20,2024-07-09,2024-07-09
2024-07-10,88693,153140,1.72663,479477,2631,954,212,34,6,26,2024-07-10,2024-07-10
2024-07-11,70947,122562,1.727515,476851,2560,924,133,14,,10,2024-07-11,2024-07-11
2024-07-12,67658,115154,1.702001,462708,2501,947,123,19,4,18,2024-07-12,2024-07-12
2024-07-13,77037,133023,1.726742,484088,2675,1103,189,19,3,20,2024-07-13,2024-07-13
2024-07-14,80105,142038,1.773148,496273,2694,1001,138,14,1,18,2024-07-14,2024-07-14
2024-07-15,88107,144068,1.635148,491188,2748,1038,211,21,4,23,2024-07-15,2024-07-15
2024-07-16,87159,153086,1.756399,477974,2658,971,171,24,6,18,2024-07-16,2024-07-16
2024-07-17,174335,304916,1.749023,1152765,4875,2156,755,61,6,74,2024-07-17,2024-07-17
2024-07-18,195969,329204,1.679878,1119657,4557,1910,554,61,11,36,2024-07-18,2024-07-18
2024-07-19,211961,353275,1.666698,1087635,4427,1803,415,41,2,28,2024-07-19,2024-07-19
2024-07-20,240128,417026,1.736682,1141547,4798,1922,512,47,3,44,2024-07-20,2024-07-20
2024-07-21,248736,419429,1.686242,1205257,5008,2091,529,50,6,56,2024-07-21,2024-07-21
2024-07-22,225470,360522,1.59898,1149829,4269,1798,400,36,5,36,2024-07-22,2024-07-22
2024-07-23,226026,368315,1.629525,1141967,4425,1767,484,68,6,54,2024-07-23,2024-07-23
2024-07-24,191144,316382,1.655202,1081343,4058,1584,406,45,8,47,2024-07-24,2024-07-24
2024-07-25,38016,59451,1.563842,315747,1761,733,115,16,3,6,2024-07-25,2024-07-25
2024-07-26,40656,59837,1.471788,299890,1774,761,105,20,,19,2024-07-26,2024-07-26
2024-07-27,41294,63970,1.549135,307869,1878,806,90,7,1,2,2024-07-27,2024-07-27
2024-07-28,45173,68582,1.518208,327050,2000,872,129,18,4,14,2024-07-28,2024-07-28
2024-07-29,42417,69167,1.630643,308951,1746,667,134,12,2,14,2024-07-29,2024-07-29
2024-07-30,45119,65442,1.450431,310505,1767,779,138,19,1,19,2024-07-30,2024-07-30
2024-07-31,12184,16181,1.328053,95771,535,244,104,14,4,10,2024-07-31,2024-07-31
2024-08-01,53804,80591,1.497863,366490,2344,954,131,21,4,10,2024-08-01,2024-08-01
2024-08-02,58655,80246,1.368102,339217,2178,831,81,9,1,7,2024-08-02,2024-08-02
2024-08-03,63394,88532,1.396536,354954,2299,887,141,13,1,4,2024-08-03,2024-08-03
2024-08-04,68174,95126,1.395341,378644,2494,988,141,18,2,12,2024-08-04,2024-08-04
2024-08-05,68498,99231,1.44867,369242,2324,913,132,19,2,16,2024-08-05,2024-08-05
2024-08-06,68878,95234,1.382648,359394,2414,946,125,17,,10,2024-08-06,2024-08-06
2024-08-07,160880,242486,1.507248,887808,5505,3377,927,93,5,60,2024-08-07,2024-08-07
2024-08-08,162756,230260,1.414756,820061,4501,2434,759,65,15,59,2024-08-08,2024-08-08
2024-08-09,170156,246877,1.450886,860231,4428,2405,614,60,6,58,2024-08-09,2024-08-09
2024-08-10,175832,262953,1.495479,858918,4504,2451,635,63,8,63,2024-08-10,2024-08-10
2024-08-11,194744,292134,1.500092,921445,4968,2702,637,56,5,56,2024-08-11,2024-08-11
2024-08-12,184886,285619,1.544838,874193,4229,2226,415,41,3,30,2024-08-12,2024-08-12
2024-08-13,191939,288569,1.503441,902070,4178,2168,555,67,3,39,2024-08-13,2024-08-13
2024-08-14,162861,236328,1.451102,866023,3814,2059,546,66,6,49,2024-08-14,2024-08-14
2024-08-15,162922,233751,1.434742,852513,3487,1778,496,57,4,42,2024-08-15,2024-08-15
2024-08-16,167043,247285,1.480367,837871,3638,1923,432,63,4,45,2024-08-16,2024-08-16
2024-08-17,186085,264933,1.42372,848081,3810,2010,381,31,1,35,2024-08-17,2024-08-17
2024-08-18,197344,288623,1.462538,922924,4258,2200,556,62,8,47,2024-08-18,2024-08-18
2024-08-19,208716,312971,1.499507,892975,4392,2304,537,58,7,39,2024-08-19,2024-08-19
2024-08-20,225205,330087,1.465718,1103755,4494,2492,561,65,5,48,2024-08-20,2024-08-20
2024-08-21,238351,359730,1.509245,1384425,4487,2481,641,62,7,46,2024-08-21,2024-08-21
2024-08-22,222757,347869,1.561652,1367309,4357,2324,682,75,10,52,2024-08-22,2024-08-22
2024-08-23,223508,356386,1.594511,1371013,4413,2256,571,59,8,62,2024-08-23,2024-08-23
2024-08-24,243771,362146,1.485599,1374072,4472,2284,630,47,10,63,2024-08-24,2024-08-24
2024-08-25,266870,386449,1.44808,1473683,4837,2510,649,60,6,67,2024-08-25,2024-08-25
2024-08-26,210686,296892,1.409168,1308956,3972,2176,703,62,4,96,2024-08-26,2024-08-26
2024-08-27,337650,565600,1.675107,2552587,6863,3445,616,63,6,34,2024-08-27,2024-08-27
2024-08-28,349719,582556,1.665783,2553912,6851,3043,662,55,5,56,2024-08-28,2024-08-28
2024-08-29,349923,573661,1.639392,2655571,6217,2908,501,49,3,36,2024-08-29,2024-08-29
2024-08-30,352965,601322,1.703631,2774694,6198,2752,552,48,1,60,2024-08-30,2024-08-30
2024-08-31,117119,163800,1.398578,1024679,1750,994,342,34,4,42,2024-08-31,2024-08-31
2024-09-01,159174,214135,1.345289,466015,4635,3446,357,39,2,28,2024-09-01,2024-09-01
2024-09-02,96442,139516,1.446631,456921,4189,3137,379,42,4,22,2024-09-02,2024-09-02
2024-09-03,106567,149981,1.407387,468882,4182,2999,386,47,5,28,2024-09-03,2024-09-03
2024-09-04,102930,152909,1.485563,469219,3958,2955,402,64,5,18,2024-09-04,2024-09-04
2024-09-05,112120,152612,1.361149,448573,3767,2818,279,32,2,19,2024-09-05,2024-09-05
2024-09-06,103298,143071,1.385032,440486,3614,2564,305,31,3,14,2024-09-06,2024-09-06
2024-09-07,123689,170761,1.380567,470024,4054,2970,336,26,1,16,2024-09-07,2024-09-07
2024-09-08,113745,157271,1.382663,487499,3771,2812,268,32,6,30,2024-09-08,2024-09-08
2024-09-09,130993,173082,1.321307,469704,3884,2895,252,33,1,12,2024-09-09,2024-09-09
2024-09-10,105695,141903,1.342571,446502,3492,2705,351,64,5,23,2024-09-10,2024-09-10
2024-09-11,127279,170269,1.337762,476875,3766,2808,297,37,6,19,2024-09-11,2024-09-11
2024-09-12,101145,136869,1.353196,455660,3276,2438,269,29,2,23,2024-09-12,2024-09-12
2024-09-13,119902,156375,1.30419,429913,3314,2526,174,15,1,14,2024-09-13,2024-09-13
2024-09-14,132325,173972,1.314733,472093,3575,2763,277,20,3,16,2024-09-14,2024-09-14
2024-09-15,128333,166988,1.301209,482160,3401,2627,333,30,3,23,2024-09-15,2024-09-15
2024-09-16,118717,155998,1.314033,453884,3111,2315,283,45,4,31,2024-09-16,2024-09-16
2024-09-17,74663,105087,1.407484,409333,2392,1811,200,11,1,16,2024-09-17,2024-09-17
2024-09-18,95581,121396,1.270085,414396,2499,1850,217,29,2,24,2024-09-18,2024-09-18
2024-09-19,89288,114518,1.282569,394770,2388,1766,179,20,2,16,2024-09-19,2024-09-19
2024-09-20,89310,117396,1.314478,388956,2462,1856,178,28,1,10,2024-09-20,2024-09-20
2024-09-21,92751,120863,1.303091,380332,2575,1978,183,16,1,14,2024-09-21,2024-09-21
2024-09-22,88706,114808,1.294253,413095,2625,2034,193,19,,16,2024-09-22,2024-09-22
2024-09-23,95012,124679,1.312245,408251,2472,1857,240,41,7,18,2024-09-23,2024-09-23
2024-09-24,76951,101717,1.321841,386074,2553,1842,232,38,2,18,2024-09-24,2024-09-24
2024-09-25,76813,104718,1.363285,392633,2668,1972,222,26,,16,2024-09-25,2024-09-25
2024-09-26,66786,91166,1.365047,373947,2143,1529,257,31,1,28,2024-09-26,2024-09-26
2024-09-27,75476,99691,1.32083,401273,2323,1640,260,30,1,16,2024-09-27,2024-09-27
2024-09-28,78042,105562,1.352631,384007,2742,1977,277,20,,8,2024-09-28,2024-09-28
2024-09-29,86943,112878,1.298299,402663,2902,2136,253,27,4,22,2024-09-29,2024-09-29
2024-09-30,30602,36540,1.19404,128596,1006,737,127,13,3,8,2024-09-30,2024-09-30
2024-10-01,107215,152323,1.420725,438874,4855,3464,393,50,7,28,2024-10-01,2024-10-01
2024-10-02,106107,145102,1.367506,422655,4105,2854,283,42,9,22,2024-10-02,2024-10-02
2024-10-03,106653,146514,1.373745,421809,3774,2578,215,35,9,16,2024-10-03,2024-10-03
2024-10-04,104871,141501,1.349286,414603,3625,2429,205,28,4,20,2024-10-04,2024-10-04
2024-10-05,115488,159384,1.380091,448438,3692,2515,236,30,,16,2024-10-05,2024-10-05
2024-10-06,131814,171610,1.30191,477200,4643,3145,336,30,3,22,2024-10-06,2024-10-06
2024-10-07,113099,158397,1.400516,449434,3921,2681,286,37,8,14,2024-10-07,2024-10-07
2024-10-08,114379,156757,1.370505,472672,3868,2621,405,27,2,8,2024-10-08,2024-10-08
2024-10-09,109115,154709,1.417853,416678,3517,2327,267,51,13,16,2024-10-09,2024-10-09
2024-10-10,106495,149156,1.400592,439198,3545,2452,279,32,5,26,2024-10-10,2024-10-10
2024-10-11,95967,132388,1.379516,404624,3158,2124,222,14,2,10,2024-10-11,2024-10-11
2024-10-12,104959,143694,1.369049,438111,3362,2401,181,19,1,16,2024-10-12,2024-10-12
2024-10-13,114141,152223,1.33364,458406,3516,2522,195,21,1,18,2024-10-13,2024-10-13
2024-10-14,111591,148002,1.32629,431855,3549,2587,305,30,3,18,2024-10-14,2024-10-14
2024-10-15,89308,126385,1.415159,412050,3004,2148,274,35,4,29,2024-10-15,2024-10-15
2024-10-16,36398,49256,1.353261,216481,1782,1205,169,23,4,26,2024-10-16,2024-10-16
2024-10-17,79434,114843,1.445766,499671,3467,2535,678,79,5,69,2024-10-17,2024-10-17
2024-10-18,79614,116095,1.458223,494653,3101,2194,415,35,1,31,2024-10-18,2024-10-18
2024-10-19,90621,133260,1.47052,541677,3276,2367,452,47,4,29,2024-10-19,2024-10-19
2024-10-20,105071,145211,1.382027,569766,3752,2687,583,50,4,42,2024-10-20,2024-10-20
2024-10-21,104119,144476,1.387605,540870,3441,2442,415,61,7,45,2024-10-21,2024-10-21
2024-10-22,104074,148276,1.424717,542141,3506,2459,435,65,9,39,2024-10-22,2024-10-22
2024-10-23,105433,141845,1.345357,499630,3263,2328,370,49,8,36,2024-10-23,2024-10-23
2024-10-24,108019,140013,1.296189,508051,3366,2415,381,55,8,36,2024-10-24,2024-10-24
2024-10-25,96441,127682,1.323939,482363,3153,2241,387,40,10,33,2024-10-25,2024-10-25
2024-10-26,36246,45916,1.266788,209868,1866,1257,93,17,2,8,2024-10-26,2024-10-26
2024-10-27,34222,45640,1.333645,209061,1466,997,135,14,5,4,2024-10-27,2024-10-27
2024-10-28,31058,43976,1.415931,213413,1463,987,84,16,2,12,2024-10-28,2024-10-28
2024-10-29,30868,42120,1.36452,200310,1634,1122,77,9,2,7,2024-10-29,2024-10-29
2024-10-30,29079,38175,1.312803,190226,1322,925,151,23,1,22,2024-10-30,2024-10-30
2024-10-31,8795,10783,1.226038,57623,395,290,79,26,3,38,2024-10-31,2024-10-31
2024-11-01,155515,236377,1.519963,894749,7030,5244,484,53,3,44,2024-11-01,2024-11-01
2024-11-02,181553,257481,1.418214,893741,6389,4716,625,78,9,36,2024-11-02,2024-11-02
2024-11-03,211145,293988,1.392351,957696,6592,4813,696,75,10,57,2024-11-03,2024-11-03
2024-11-04,204893,279167,1.362501,957896,6156,4471,627,72,6,61,2024-11-04,2024-11-04
2024-11-05,209462,280605,1.339646,869012,5919,4141,456,51,7,34,2024-11-05,2024-11-05
2024-11-06,164914,238072,1.443613,891327,5230,3633,316,46,9,20,2024-11-06,2024-11-06
2024-11-07,179116,245884,1.372764,920778,5150,3567,453,65,5,46,2024-11-07,2024-11-07
2024-11-08,177439,244778,1.379505,920481,5319,3626,456,58,1,49,2024-11-08,2024-11-08
2024-11-09,181384,249208,1.373925,931576,5173,3514,335,46,3,21,2024-11-09,2024-11-09
2024-11-10,175719,245973,1.399809,971798,5463,3820,427,39,4,26,2024-11-10,2024-11-10
2024-11-11,177088,247803,1.399321,964164,5539,3850,457,59,7,32,2024-11-11,2024-11-11
2024-11-12,176837,235166,1.329846,924982,5137,3533,458,55,5,28,2024-11-12,2024-11-12
2024-11-13,163025,221951,1.361454,907691,4742,3272,442,72,6,40,2024-11-13,2024-11-13
2024-11-14,152327,211132,1.386045,929272,4894,3330,376,47,1,34,2024-11-14,2024-11-14
2024-11-15,159498,224298,1.406275,911603,4871,3253,275,29,2,18,2024-11-15,2024-11-15
2024-11-16,164250,228691,1.392335,954841,4755,3289,461,67,6,36,2024-11-16,2024-11-16
2024-11-17,172376,236703,1.373178,980992,5153,3490,457,48,6,46,2024-11-17,2024-11-17
2024-11-18,161062,219360,1.36196,928707,4927,3315,393,53,3,36,2024-11-18,2024-11-18
2024-11-19,146154,208758,1.428343,902183,4884,3308,377,47,1,26,2024-11-19,2024-11-19
2024-11-20,150156,204962,1.364994,893390,4759,3129,419,56,7,44,2024-11-20,2024-11-20
2024-11-21,131022,186263,1.421616,852762,4430,2826,330,43,3,23,2024-11-21,2024-11-21
2024-11-22,290518,528062,1.817657,3350362,9807,6505,1993,221,23,154,2024-11-22,2024-11-22
2024-11-23,368990,623081,1.688612,3445714,9201,5920,1572,143,13,105,2024-11-23,2024-11-23
2024-11-24,407256,638611,1.568082,3765770,9657,6193,1442,152,13,108,2024-11-24,2024-11-24
2024-11-25,434795,690598,1.58833,3669116,9293,5826,1111,125,18,101,2024-11-25,2024-11-25
2024-11-26,390879,630042,1.611859,3540217,8568,5322,1103,117,8,114,2024-11-26,2024-11-26
2024-11-27,375707,598172,1.592124,3359069,7951,4905,906,99,7,74,2024-11-27,2024-11-27
2024-11-28,353657,571726,1.616612,3519922,7784,4860,904,94,11,72,2024-11-28,2024-11-28
2024-11-29,297495,499604,1.679369,3521822,7029,4390,1072,133,21,151,2024-11-29,2024-11-29
2024-11-30,300865,515817,1.714447,2959555,5547,3453,789,89,11,116,2024-11-30,2024-11-30
2024-12-01,72747,97997,1.347093,438747,3497,2597,413,63,2,30,2024-12-01,2024-12-01
2024-12-02,793794,1139238,1.435181,4189469,14427,10573,2849,322,33,376,2024-12-02,2024-12-02
2024-12-03,789075,1159798,1.46982,4019960,13290,9664,1724,215,22,196,2024-12-03,2024-12-03
2024-12-04,54049,79878,1.477881,424804,2887,2199,390,59,4,28,2024-12-04,2024-12-04
2024-12-05,55846,79334,1.420585,382153,2799,1994,314,59,8,32,2024-12-05,2024-12-05
2024-12-06,79136,99026,1.251339,396917,2625,1918,274,40,3,24,2024-12-06,2024-12-06
2024-12-07,74272,93561,1.259708,391688,2468,1835,284,38,2,32,2024-12-07,2024-12-07
2024-12-08,92593,118169,1.27622,456055,2815,2114,326,53,7,40,2024-12-08,2024-12-08
2024-12-09,80915,109297,1.350763,428366,2745,2030,371,48,4,36,2024-12-09,2024-12-09
2024-12-10,85524,107422,1.256045,424008,2751,2010,326,56,7,42,2024-12-10,2024-12-10
2024-12-11,56539,72297,1.27871,315223,2105,1452,266,44,5,26,2024-12-11,2024-12-11
2024-12-12,86874,131869,1.517934,743308,3365,2453,459,53,6,36,2024-12-12,2024-12-12
2024-12-13,97942,152197,1.55395,742445,3470,2504,480,67,7,36,2024-12-13,2024-12-13
2024-12-14,121028,178582,1.475543,791693,3806,2699,366,29,1,37,2024-12-14,2024-12-14
2024-12-15,119281,170538,1.429716,842623,3937,2816,476,52,4,40,2024-12-15,2024-12-15
2024-12-16,111959,168717,1.506953,793119,3575,2479,399,60,6,44,2024-12-16,2024-12-16
2024-12-17,118624,181145,1.527052,796606,3757,2618,521,69,8,41,2024-12-17,2024-12-17
2024-12-18,117675,178917,1.520433,766790,3688,2551,476,58,5,52,2024-12-18,2024-12-18
2024-12-19,117912,178832,1.516656,755802,3481,2452,427,42,4,46,2024-12-19,2024-12-19
2024-12-20,80860,108322,1.339624,447672,2473,1801,271,43,3,26,2024-12-20,2024-12-20
2024-12-21,92530,117889,1.274062,462737,2576,1870,280,38,4,32,2024-12-21,2024-12-21
2024-12-22,105312,134281,1.275078,479697,2860,2083,273,31,4,36,2024-12-22,2024-12-22
2024-12-23,101019,126663,1.253853,463585,2563,1819,264,31,2,26,2024-12-23,2024-12-23
2024-12-24,98798,123889,1.253963,417987,2154,1500,170,18,4,12,2024-12-24,2024-12-24
2024-12-25,129099,162954,1.262241,452968,2722,1970,214,23,2,24,2024-12-25,2024-12-25
2024-12-26,98730,132993,1.347037,438372,2767,1990,368,44,1,27,2024-12-26,2024-12-26
2024-12-27,100727,135590,1.346114,455510,2868,2105,648,57,4,46,2024-12-27,2024-12-27
2024-12-28,113885,146014,1.282118,451379,3146,2315,767,46,1,52,2024-12-28,2024-12-28
2024-12-29,136664,169117,1.237466,458260,3357,2453,717,49,3,32,2024-12-29,2024-12-29
2024-12-30,118409,146528,1.237474,391295,2722,1961,501,42,2,26,2024-12-30,2024-12-30
2024-12-31,26034,30469,1.170354,123351,695,476,19,10,1,,2024-12-31,2024-12-31
2025-01-01,41774,57297,1.371595,176939,1571,980,4,3,,,2025-01-01,2025-01-01
2025-01-02,101140,150591,1.488936,466350,4644,3459,1243,60,5,22,2025-01-02,2025-01-02
2025-01-03,130742,191615,1.465596,528912,4280,3140,1128,62,4,27,2025-01-03,2025-01-03
2025-01-04,113243,171704,1.516244,530837,4167,3084,1446,107,4,61,2025-01-04,2025-01-04
2025-01-05,140307,202841,1.445694,580016,4278,3193,1288,91,6,26,2025-01-05,2025-01-05
2025-01-06,146764,213090,1.451923,570385,4224,3080,920,44,1,20,2025-01-06,2025-01-06
2025-01-07,133367,191008,1.432198,505301,3600,2579,883,64,6,38,2025-01-07,2025-01-07
2025-01-08,126247,184307,1.459892,528454,3462,2344,956,69,9,70,2025-01-08,2025-01-08
2025-01-09,120216,167029,1.389407,518620,3388,2380,949,82,16,50,2025-01-09,2025-01-09
2025-01-10,134922,186602,1.383036,541717,3525,2451,1069,81,11,40,2025-01-10,2025-01-10
2025-01-11,127251,169110,1.328948,554986,3615,2590,977,74,7,54,2025-01-11,2025-01-11
2025-01-12,129789,180658,1.391936,574658,3581,2615,738,55,10,38,2025-01-12,2025-01-12
2025-01-13,127013,171626,1.351248,549701,3384,2345,1026,106,31,36,2025-01-13,2025-01-13
2025-01-14,123133,163251,1.32581,531638,3066,2188,704,54,13,30,2025-01-14,2025-01-14
2025-01-15,102801,146041,1.420618,533568,3073,2192,897,81,6,36,2025-01-15,2025-01-15
2025-01-16,102622,141015,1.374121,452695,2755,1997,734,62,14,40,2025-01-16,2025-01-16
2025-01-17,123354,166800,1.352206,567456,3263,2292,745,53,8,35,2025-01-17,2025-01-17
2025-01-18,138255,192923,1.395414,678875,3570,2543,964,64,15,42,2025-01-18,2025-01-18
2025-01-19,142475,194996,1.368633,714815,3393,2379,1091,81,10,42,2025-01-19,2025-01-19
2025-01-20,135331,190506,1.407704,718433,3298,2310,833,65,13,42,2025-01-20,2025-01-20
2025-01-21,116851,167752,1.435606,659854,3125,2212,888,85,21,54,2025-01-21,2025-01-21
2025-01-22,108679,162593,1.496085,678595,3008,2121,811,73,13,46,2025-01-22,2025-01-22
2025-01-23,110594,160721,1.453252,670124,3160,2220,784,54,6,26,2025-01-23,2025-01-23
2025-01-24,98214,136087,1.385617,515579,2694,1947,598,49,6,19,2025-01-24,2025-01-24
2025-01-25,83325,109527,1.314455,385159,2521,1959,683,46,8,16,2025-01-25,2025-01-25
2025-01-26,84208,111688,1.326335,394145,2720,2050,827,58,11,23,2025-01-26,2025-01-26
2025-01-27,75822,106361,1.402772,385114,2495,1908,718,40,4,16,2025-01-27,2025-01-27
2025-01-28,83803,111293,1.328031,372113,2315,1757,589,27,5,16,2025-01-28,2025-01-28
2025-01-29,69500,94020,1.352806,339638,1964,1398,454,35,7,10,2025-01-29,2025-01-29
2025-01-30,69797,99564,1.42648,372658,2042,1406,490,35,3,22,2025-01-30,2025-01-30
2025-01-31,25402,32615,1.283954,145482,704,516,162,14,2,6,2025-01-31,2025-01-31
2025-02-01,42272,67249,1.590864,328591,2402,1581,285,21,4,18,2025-02-01,2025-02-01
2025-02-02,50397,70039,1.389745,305201,2335,1545,341,18,5,14,2025-02-02,2025-02-02
2025-02-03,118120,162811,1.378353,487647,3441,2555,822,76,15,26,2025-02-03,2025-02-03
2025-02-04,109749,156281,1.423986,499525,3423,2481,794,55,4,36,2025-02-04,2025-02-04
2025-02-05,112546,148561,1.320002,488612,2913,2049,691,57,11,31,2025-02-05,2025-02-05
2025-02-06,114066,155882,1.366595,474492,3086,2232,406,33,5,28,2025-02-06,2025-02-06
2025-02-07,137700,179359,1.302535,503099,3340,2358,432,36,12,18,2025-02-07,2025-02-07
2025-02-08,105279,151013,1.434408,493783,2959,2122,540,35,6,36,2025-02-08,2025-02-08
2025-02-09,112422,154338,1.372845,526369,3272,2373,807,55,9,50,2025-02-09,2025-02-09
2025-02-10,119920,164543,1.372106,498897,3024,2052,607,50,14,38,2025-02-10,2025-02-10
2025-02-11,118314,158868,1.342766,488038,2977,2069,659,70,12,26,2025-02-11,2025-02-11
2025-02-12,102526,138649,1.35233,478908,2639,1809,399,34,5,18,2025-02-12,2025-02-12
2025-02-13,99233,138924,1.399978,473357,2586,1829,449,41,6,32,2025-02-13,2025-02-13
2025-02-14,93790,128289,1.367832,481617,2448,1722,433,24,4,14,2025-02-14,2025-02-14
2025-02-15,48215,68051,1.411407,327785,1766,1133,274,15,,12,2025-02-15,2025-02-15
2025-02-16,52353,72145,1.378049,327381,1859,1225,260,18,2,2,2025-02-16,2025-02-16
2025-02-17,188404,263660,1.39944,734092,5036,3963,1132,72,12,36,2025-02-17,2025-02-17
2025-02-18,206837,262147,1.267409,719697,4161,3205,766,55,8,42,2025-02-18,2025-02-18
2025-02-19,224222,285843,1.274821,771723,4183,3091,874,71,11,30,2025-02-19,2025-02-19
2025-02-20,217642,266225,1.223224,747084,3832,2814,770,54,7,16,2025-02-20,2025-02-20
2025-02-21,247147,306526,1.240258,786658,4031,2927,768,58,9,34,2025-02-21,2025-02-21
2025-02-22,203543,266348,1.308559,803848,3849,2752,723,51,7,28,2025-02-22,2025-02-22
2025-02-23,230840,286920,1.242939,809850,3922,2979,710,39,8,24,2025-02-23,2025-02-23
2025-02-24,190287,238784,1.254862,707297,3243,2424,636,49,3,24,2025-02-24,2025-02-24
2025-02-25,42980,60574,1.409353,312152,1461,909,317,25,2,12,2025-02-25,2025-02-25
2025-02-26,36206,55805,1.541319,294737,1380,901,180,17,1,10,2025-02-26,2025-02-26
2025-02-27,39659,55953,1.410853,295291,1389,726,289,17,,9,2025-02-27,2025-02-27
2025-02-28,13991,17226,1.23122,99917,416,125,139,10,2,10,2025-02-28,2025-02-28
2025-03-01,38159,56231,1.473597,306324,1183,513,317,22,5,14,2025-03-01,2025-03-01
2025-03-02,52567,77351,1.471475,367352,1835,931,334,23,2,12,2025-03-02,2025-03-02
2025-03-03,53961,78573,1.456107,342190,1533,821,245,22,3,8,2025-03-03,2025-03-03
2025-03-04,52985,76191,1.437973,361519,1441,808,232,13,2,24,2025-03-04,2025-03-04
2025-03-05,71577,118876,1.660813,589333,2243,1305,633,42,8,18,2025-03-05,2025-03-05
2025-03-06,76468,125117,1.636201,584521,2035,1156,466,32,3,8,2025-03-06,2025-03-06
2025-03-07,73609,118559,1.610659,579788,1841,1089,267,22,6,19,2025-03-07,2025-03-07
2025-03-08,91463,141926,1.551731,631032,1849,1120,361,23,3,19,2025-03-08,2025-03-08
2025-03-09,94105,149560,1.589289,656049,1997,1268,400,26,,12,2025-03-09,2025-03-09
2025-03-10,89243,141699,1.587788,606020,1857,1134,379,39,12,24,2025-03-10,2025-03-10
2025-03-11,89391,136510,1.527111,609325,1669,998,394,30,4,16,2025-03-11,2025-03-11
2025-03-12,85326,125419,1.46988,570064,1581,825,296,24,4,15,2025-03-12,2025-03-12
2025-03-13,107920,185286,1.716883,1057306,2767,1545,1038,75,9,29,2025-03-13,2025-03-13
2025-03-14,138582,229133,1.653411,1091153,2523,1400,645,47,6,26,2025-03-14,2025-03-14
2025-03-15,160363,263425,1.642679,1099516,2834,1518,801,53,10,29,2025-03-15,2025-03-15
2025-03-16,171849,283930,1.652206,1105247,2813,1550,758,48,8,52,2025-03-16,2025-03-16
2025-03-17,175372,284959,1.624883,1097625,2799,1473,680,44,7,28,2025-03-17,2025-03-17
2025-03-18,171074,277560,1.622456,1081073,2856,1518,753,48,9,35,2025-03-18,2025-03-18
2025-03-19,167861,262757,1.565325,981268,2648,1464,588,48,5,34,2025-03-19,2025-03-19
2025-03-20,162901,259974,1.595902,1066339,2684,1478,745,61,7,33,2025-03-20,2025-03-20
2025-03-21,152674,240753,1.576909,1003385,2490,1319,797,60,11,34,2025-03-21,2025-03-21
2025-03-22,56229,77487,1.378061,357395,1149,639,279,22,3,20,2025-03-22,2025-03-22
2025-03-23,60787,82988,1.365226,351356,1187,637,252,12,2,9,2025-03-23,2025-03-23
2025-03-24,62620,86606,1.383041,355566,1143,622,242,16,3,16,2025-03-24,2025-03-24
2025-03-25,55024,74770,1.358862,303662,1020,594,210,17,2,15,2025-03-25,2025-03-25
2025-03-26,55194,76919,1.393612,345594,1123,570,273,25,5,10,2025-03-26,2025-03-26
2025-03-27,56057,75612,1.348841,338640,1112,597,199,21,2,10,2025-03-27,2025-03-27
2025-03-28,178488,283025,1.585681,1273092,3900,1855,1082,61,12,24,2025-03-28,2025-03-28
2025-03-29,214176,314778,1.469716,1316570,3510,1806,881,34,5,18,2025-03-29,2025-03-29
2025-03-30,217115,323883,1.491758,1426511,3709,1871,907,49,8,28,2025-03-30,2025-03-30
2025-03-31,17811,22041,1.237494,108234,357,216,116,14,,12,2025-03-31,2025-03-31
2025-04-01,54942,84324,1.534782,371495,2405,1601,674,42,4,12,2025-04-01,2025-04-01
2025-04-02,76547,110284,1.440736,364974,2365,1419,563,39,11,23,2025-04-02,2025-04-02
2025-04-03,88056,120552,1.369038,374534,2486,1507,485,55,11,23,2025-04-03,2025-04-03
2025-04-04,75149,110775,1.474072,377877,2228,1270,343,33,7,14,2025-04-04,2025-04-04
2025-04-05,74392,106813,1.435813,410274,2143,1235,537,33,5,22,2025-04-05,2025-04-05
2025-04-06,91670,125182,1.365572,413587,2195,1254,612,36,6,17,2025-04-06,2025-04-06
2025-04-07,195792,280677,1.433547,762950,3747,2461,615,89,44,21,2025-04-07,2025-04-07
2025-04-08,151547,227059,1.498274,755142,2999,1965,537,63,24,16,2025-04-08,2025-04-08
2025-04-09,159455,236215,1.48139,784441,3078,1943,465,25,7,12,2025-04-09,2025-04-09
2025-04-10,129290,209346,1.619197,798212,2892,1845,520,51,7,27,2025-04-10,2025-04-10
2025-04-11,70420,101636,1.443283,399727,1543,901,350,20,1,22,2025-04-11,2025-04-11
2025-04-12,80514,114998,1.428298,406910,1815,1091,361,11,2,11,2025-04-12,2025-04-12
2025-04-13,86798,125083,1.441082,406636,1915,1216,543,33,6,11,2025-04-13,2025-04-13
2025-04-14,88256,125776,1.425127,403487,1851,1102,528,32,4,11,2025-04-14,2025-04-14
2025-04-15,72076,107238,1.487846,387750,1792,1023,382,28,2,14,2025-04-15,2025-04-15
2025-04-16,75742,112804,1.489319,387098,1741,985,341,26,6,13,2025-04-16,2025-04-16
2025-04-17,83723,128052,1.529472,391309,1833,1080,580,35,2,10,2025-04-17,2025-04-17
2025-04-18,96505,140540,1.456298,393792,2007,1180,401,26,,12,2025-04-18,2025-04-18
2025-04-19,95650,137557,1.438129,388404,1967,1204,467,25,1,12,2025-04-19,2025-04-19
2025-04-20,102428,141443,1.380902,409451,2049,1307,603,43,1,25,2025-04-20,2025-04-20
2025-04-21,138451,215690,1.55788,631277,3205,2160,997,54,5,25,2025-04-21,2025-04-21
2025-04-22,123355,180491,1.463183,588295,2488,1721,780,56,9,21,2025-04-22,2025-04-22
2025-04-23,124328,184918,1.48734,595807,2454,1621,759,37,8,18,2025-04-23,2025-04-23
2025-04-24,121283,182908,1.508109,632843,2369,1580,776,56,15,26,2025-04-24,2025-04-24
2025-04-25,129898,186850,1.438436,625813,2351,1546,580,42,9,18,2025-04-25,2025-04-25
2025-04-26,134545,200396,1.489435,618916,2673,1783,753,45,3,19,2025-04-26,2025-04-26
2025-04-27,140918,196731,1.396067,610292,2541,1724,659,36,4,25,2025-04-27,2025-04-27
2025-04-28,75555,107610,1.42426,362115,1424,851,415,27,2,19,2025-04-28,2025-04-28
2025-04-29,65562,96153,1.466597,347454,1289,787,311,27,9,12,2025-04-29,2025-04-29
2025-04-30,21941,28285,1.289139,129720,415,244,188,17,3,8,2025-04-30,2025-04-30
2025-05-01,0,0,0.0,0,,,57,6,1,2,2025-05-01,2025-05-01
2025-05-02,94006,127223,1.35335,399943,1694,1150,434,23,4,18,2025-05-02,2025-05-02
2025-05-03,149619,224328,1.499328,704106,3673,2822,1086,57,6,36,2025-05-03,2025-05-03
2025-05-04,161517,244382,1.513042,720910,3718,2760,893,40,2,26,2025-05-04,2025-05-04
2025-05-05,165445,245368,1.483079,652584,3324,2382,726,45,6,28,2025-05-05,2025-05-05
2025-05-06,142107,222463,1.565461,709809,3053,2207,795,44,10,42,2025-05-06,2025-05-06
2025-05-07,149890,226447,1.510755,712350,3008,2157,742,42,5,27,2025-05-07,2025-05-07
2025-05-08,172018,254703,1.480676,712525,3153,2231,631,49,11,21,2025-05-08,2025-05-08
2025-05-09,171303,255818,1.493366,701878,3313,2324,567,31,6,18,2025-05-09,2025-05-09
2025-05-10,189764,279683,1.473846,737718,3460,2515,545,23,2,16,2025-05-10,2025-05-10
2025-05-11,201807,289668,1.435371,733244,3169,2260,588,30,7,28,2025-05-11,2025-05-11
2025-05-12,168827,255656,1.514308,755046,3352,2405,477,22,3,12,2025-05-12,2025-05-12
2025-05-13,147562,215149,1.458024,700793,3316,2453,719,50,4,29,2025-05-13,2025-05-13
2025-05-14,135656,199106,1.467727,675353,2836,2000,497,42,7,21,2025-05-14,2025-05-14
2025-05-15,134800,201383,1.493939,704891,2707,1897,601,45,9,22,2025-05-15,2025-05-15
2025-05-16,166791,255333,1.530856,984959,3875,2982,1044,82,9,46,2025-05-16,2025-05-16
2025-05-17,177756,273668,1.539571,1089115,4119,3023,1044,56,9,29,2025-05-17,2025-05-17
2025-05-18,217060,335349,1.54496,1102456,4729,3562,1137,69,10,30,2025-05-18,2025-05-18
2025-05-19,139230,215620,1.54866,705653,3306,2436,519,42,7,31,2025-05-19,2025-05-19
2025-05-20,152763,226601,1.48335,737385,2852,2119,517,26,6,12,2025-05-20,2025-05-20
2025-05-21,132703,199340,1.502151,688202,2975,2119,422,35,7,22,2025-05-21,2025-05-21
2025-05-22,141913,211901,1.493175,703701,3353,2442,548,27,3,14,2025-05-22,2025-05-22
2025-05-23,126519,188783,1.492132,674471,2957,2112,538,29,8,17,2025-05-23,2025-05-23
2025-05-24,149421,227781,1.524424,764141,3324,2478,578,24,7,16,2025-05-24,2025-05-24
2025-05-25,137626,209887,1.525053,750470,2973,2185,643,36,7,30,2025-05-25,2025-05-25
2025-05-26,138638,209977,1.51457,697903,3232,2313,564,27,4,23,2025-05-26,2025-05-26
2025-05-27,125813,200306,1.592093,695784,2836,2047,654,44,5,24,2025-05-27,2025-05-27
2025-05-28,133292,199084,1.493593,685654,3028,2199,656,44,11,38,2025-05-28,2025-05-28
2025-05-29,173880,258280,1.485392,961673,4142,3204,1432,93,11,28,2025-05-29,2025-05-29
2025-05-30,188458,270466,1.435153,992650,4165,3248,1324,71,12,43,2025-05-30,2025-05-30
2025-05-31,104949,138097,1.315849,590147,2323,1928,847,62,9,38,2025-05-31,2025-05-31
2025-06-01,165331,250472,1.514973,836741,4918,3494,1871,86,12,58,2025-06-01,2025-06-01
2025-06-02,139231,226847,1.629285,819549,4466,3216,1960,83,14,38,2025-06-02,2025-06-02
2025-06-03,159774,237339,1.485467,747140,4861,3366,980,67,6,14,2025-06-03,2025-06-03
2025-06-04,139743,204431,1.462907,649444,4092,2880,950,70,7,24,2025-06-04,2025-06-04
2025-06-05,167238,241387,1.443374,712370,3625,2497,733,67,11,26,2025-06-05,2025-06-05
2025-06-06,169364,257763,1.521947,786420,3847,2708,796,58,10,32,2025-06-06,2025-06-06
2025-06-07,190809,294428,1.543051,818870,3909,2773,910,57,11,53,2025-06-07,2025-06-07
2025-06-08,202836,316851,1.562104,795253,3630,2552,847,54,4,36,2025-06-08,2025-06-08
2025-06-09,189869,298334,1.571262,764076,3702,2515,595,45,5,19,2025-06-09,2025-06-09
2025-06-10,185482,291126,1.569565,748862,3417,2375,686,59,10,33,2025-06-10,2025-06-10
2025-06-11,200526,331504,1.653172,1135024,4392,2901,658,58,6,20,2025-06-11,2025-06-11
2025-06-12,186018,307974,1.655614,1179449,4281,2804,744,57,5,40,2025-06-12,2025-06-12
2025-06-13,195430,316379,1.618887,1229630,4223,2826,720,49,6,30,2025-06-13,2025-06-13
2025-06-14,210558,348274,1.654053,1274468,4407,2936,838,60,5,31,2025-06-14,2025-06-14
2025-06-15,211537,347788,1.6441,1234986,4200,2833,768,45,7,39,2025-06-15,2025-06-15
2025-06-16,189334,306408,1.618346,1112086,3894,2628,816,63,6,20,2025-06-16,2025-06-16
2025-06-17,228011,323743,1.419857,972826,3390,2100,429,41,7,24,2025-06-17,2025-06-17
2025-06-18,199089,331413,1.664647,1298388,4504,2922,872,71,7,37,2025-06-18,2025-06-18
2025-06-19,152938,231359,1.512763,773165,3030,2105,688,44,8,24,2025-06-19,2025-06-19
2025-06-20,148601,223363,1.503106,771290,2881,1925,562,26,3,22,2025-06-20,2025-06-20
2025-06-21,163348,238805,1.46194,804698,3063,2117,678,45,6,16,2025-06-21,2025-06-21
2025-06-22,166404,245993,1.478288,823803,3313,2313,695,44,6,20,2025-06-22,2025-06-22
2025-06-23,178157,261382,1.467144,831409,3333,2350,877,42,5,39,2025-06-23,2025-06-23
2025-06-24,155656,224997,1.445476,760349,2880,1977,714,44,11,37,2025-06-24,2025-06-24
2025-06-25,133704,197158,1.474586,753332,2752,1941,717,45,7,28,2025-06-25,2025-06-25
2025-06-26,168527,234374,1.390721,760168,2895,1904,699,51,6,14,2025-06-26,2025-06-26
2025-06-27,131328,179500,1.366807,602324,2174,1396,452,25,4,27,2025-06-27,2025-06-27
2025-06-28,133091,212287,1.595052,816843,2947,1980,620,47,5,27,2025-06-28,2025-06-28
2025-06-29,137014,217556,1.587838,793263,2818,1915,732,38,9,27,2025-06-29,2025-06-29
2025-06-30,57945,75946,1.310657,265156,976,689,353,26,6,16,2025-06-30,2025-06-30
2025-07-01,39714,52017,1.30979,164307,896,582,130,16,3,7,2025-07-01,2025-07-01
2025-07-02,72141,98392,1.363885,338320,1731,1193,352,31,3,11,2025-07-02,2025-07-02
2025-07-03,58327,89342,1.531743,363132,1539,892,324,34,6,18,2025-07-03,2025-07-03
2025-07-04,70392,112542,1.59879,391521,1971,1051,249,27,7,12,2025-07-04,2025-07-04
2025-07-05,79771,124882,1.565506,405923,1965,1046,297,25,2,10,2025-07-05,2025-07-05
2025-07-06,82562,128493,1.556321,387497,1921,1007,304,17,4,19,2025-07-06,2025-07-06
2025-07-07,83674,124223,1.484607,391253,1938,979,360,28,9,19,2025-07-07,2025-07-07
2025-07-08,70884,105951,1.49471,382550,1670,894,257,39,10,19,2025-07-08,2025-07-08
2025-07-09,4082,4619,1.131553,14233,98,67,105,11,2,8,2025-07-09,2025-07-09
2025-07-10,0,0,0.0,0,,,33,6,1,6,2025-07-10,2025-07-10
2025-07-11,65972,85173,1.291048,324740,1130,525,109,12,,10,2025-07-11,2025-07-11
2025-07-12,84042,127975,1.522751,476347,2155,1101,359,18,3,14,2025-07-12,2025-07-12
2025-07-13,90675,134768,1.486275,487419,2256,1194,348,22,1,24,2025-07-13,2025-07-13
2025-07-14,93759,135089,1.440811,480546,2255,1177,309,28,3,16,2025-07-14,2025-07-14
2025-07-15,86457,119994,1.387904,460314,2046,981,340,37,9,18,2025-07-15,2025-07-15
2025-07-16,43027,59081,1.373115,277887,1288,828,195,12,1,11,2025-07-16,2025-07-16
2025-07-17,42335,58757,1.387906,279256,1411,895,226,27,2,24,2025-07-17,2025-07-17
2025-07-18,127207,185055,1.454755,750176,4392,2544,1542,81,8,61,2025-07-18,2025-07-18
2025-07-19,133532,202657,1.517666,765221,4280,2518,1356,76,14,52,2025-07-19,2025-07-19
2025-07-20,148936,202050,1.356623,743908,4039,2379,1103,52,8,40,2025-07-20,2025-07-20
2025-07-21,140569,193327,1.375317,718164,3497,2016,1053,67,15,45,2025-07-21,2025-07-21
2025-07-22,130284,180455,1.38509,792077,3635,2108,1059,57,8,37,2025-07-22,2025-07-22
2025-07-23,129099,181416,1.405247,722079,3847,2352,927,56,6,31,2025-07-23,2025-07-23
2025-07-24,133854,191528,1.430872,700347,3584,2156,964,42,4,42,2025-07-24,2025-07-24
2025-07-25,132150,187746,1.420704,755716,3425,2076,1183,69,10,35,2025-07-25,2025-07-25
2025-07-26,138349,198494,1.434734,725997,3319,2011,499,18,,19,2025-07-26,2025-07-26
2025-07-27,143402,198970,1.387498,650959,3268,1908,592,40,10,21,2025-07-27,2025-07-27
2025-07-28,131738,191141,1.450918,637100,2890,1718,918,73,14,37,2025-07-28,2025-07-28
2025-07-29,117050,170721,1.458531,630018,2666,1643,1028,63,10,56,2025-07-29,2025-07-29
2025-07-30,36040,50242,1.394062,260646,981,649,242,27,4,13,2025-07-30,2025-07-30
2025-07-31,11253,13801,1.226429,61225,316,205,74,8,,6,2025-07-31,2025-07-31
2025-08-01,60183,90736,1.507668,374450,1792,1146,341,37,9,20,2025-08-01,2025-08-01
2025-08-02,58397,89150,1.52662,419561,1753,1138,453,34,8,27,2025-08-02,2025-08-02
2025-08-03,83015,120556,1.452219,415788,2072,1388,555,24,1,22,2025-08-03,2025-08-03
2025-08-04,70697,103705,1.466894,389132,1969,1249,372,32,5,10,2025-08-04,2025-08-04
2025-08-05,64302,98530,1.532301,412864,1760,1134,381,35,8,21,2025-08-05,2025-08-05
2025-08-06,173462,271211,1.563518,978507,4917,2856,2378,127,24,86,2025-08-06,2025-08-06
2025-08-07,169430,277003,1.634911,1053483,4670,2812,2004,129,27,68,2025-08-07,2025-08-07
2025-08-08,185205,290201,1.566918,1003108,4436,2576,1764,91,11,57,2025-08-08,2025-08-08
2025-08-09,204186,317180,1.553388,1047589,4664,2743,1598,85,19,47,2025-08-09,2025-08-09
2025-08-10,206266,319340,1.548195,1007848,4459,2655,1671,94,12,63,2025-08-10,2025-08-10
2025-08-11,197665,321483,1.626403,1005821,4100,2316,1469,100,19,68,2025-08-11,2025-08-11
2025-08-12,214406,341184,1.591299,1042755,4232,2406,1758,113,24,79,2025-08-12,2025-08-12
2025-08-13,186397,296033,1.588185,983044,3979,2273,1690,99,12,56,2025-08-13,2025-08-13
2025-08-14,181396,288579,1.590879,986537,3937,2284,1201,94,11,53,2025-08-14,2025-08-14
2025-08-15,162859,263140,1.615754,967404,3764,2182,1390,81,11,66,2025-08-15,2025-08-15
2025-08-16,195401,292276,1.495775,1059636,4114,2548,1409,63,10,62,2025-08-16,2025-08-16
2025-08-17,192105,301869,1.571375,1021480,4050,2400,1517,83,8,49,2025-08-17,2025-08-17
2025-08-18,222222,343499,1.545747,1045429,4290,2564,1669,76,10,64,2025-08-18,2025-08-18
2025-08-19,186698,282486,1.513064,935793,3672,2244,1336,76,7,56,2025-08-19,2025-08-19
2025-08-20,178420,279121,1.564404,961873,3965,2346,1496,76,19,66,2025-08-20,2025-08-20
2025-08-21,178487,272402,1.526173,977490,4068,2384,1220,67,13,42,2025-08-21,2025-08-21
2025-08-22,179237,282491,1.576075,961020,3975,2287,1462,94,17,55,2025-08-22,2025-08-22
2025-08-23,188034,306067,1.627722,1049277,4308,2521,1465,68,8,53,2025-08-23,2025-08-23
2025-08-24,188658,303745,1.61003,999780,4418,2641,1494,73,15,51,2025-08-24,2025-08-24
2025-08-25,169090,274910,1.625821,922549,3899,2220,1240,81,16,44,2025-08-25,2025-08-25
2025-08-26,160968,264584,1.643706,955634,3830,2219,1432,97,15,69,2025-08-26,2025-08-26
2025-08-27,159528,252201,1.58092,958972,3919,2379,1546,88,18,77,2025-08-27,2025-08-27
2025-08-28,146527,234661,1.601486,901517,3701,2093,1304,123,28,84,2025-08-28,2025-08-28
2025-08-29,364883,574015,1.573148,2630629,7272,3964,1344,86,12,64,2025-08-29,2025-08-29
2025-08-30,523263,890832,1.702456,3553806,10450,5277,1973,91,13,78,2025-08-30,2025-08-30
2025-08-31,485252,797291,1.643045,3129126,8822,4593,1686,86,15,91,2025-08-31,2025-08-31
2025-09-01,0,0,0.0,0,,16,176,16,2,15,2025-09-01,2025-09-01
2025-09-02,38147,47741,1.251501,155926,926,511,343,28,3,6,2025-09-02,2025-09-02
2025-09-03,67185,109908,1.635901,412186,2142,1198,778,53,4,20,2025-09-03,2025-09-03
2025-09-04,71065,108896,1.532344,420201,2204,1242,621,50,1,20,2025-09-04,2025-09-04
2025-09-05,73288,118626,1.618628,420964,2002,1113,620,51,10,14,2025-09-05,2025-09-05
2025-09-06,87626,133730,1.526145,455300,2160,1188,758,40,8,45,2025-09-06,2025-09-06
2025-09-07,93480,145242,1.553723,460915,2164,1116,566,33,4,32,2025-09-07,2025-09-07
2025-09-08,92567,146260,1.580045,428867,2073,1001,526,41,9,21,2025-09-08,2025-09-08
2025-09-09,81715,135482,1.657982,436613,1971,1004,653,54,7,25,2025-09-09,2025-09-09
2025-09-10,88070,141343,1.604894,412666,1810,907,435,37,2,16,2025-09-10,2025-09-10
2025-09-11,93100,142374,1.529259,418744,1962,1012,398,37,6,14,2025-09-11,2025-09-11
2025-09-12,91597,147982,1.615577,453296,1855,895,396,26,4,12,2025-09-12,2025-09-12
2025-09-13,89613,145179,1.620066,463709,2018,982,466,30,3,19,2025-09-13,2025-09-13
2025-09-14,97231,148316,1.525398,452177,2079,1134,627,40,3,32,2025-09-14,2025-09-14
2025-09-15,84906,128805,1.517031,411137,1954,1047,464,34,4,30,2025-09-15,2025-09-15
2025-09-16,75537,130985,1.734051,447761,1802,887,297,21,4,12,2025-09-16,2025-09-16
2025-09-17,76096,117653,1.546113,411515,1637,854,412,32,5,22,2025-09-17,2025-09-17
2025-09-18,54198,80983,1.494206,306376,1391,799,372,28,4,14,2025-09-18,2025-09-18
2025-09-19,52495,83167,1.584284,296070,1399,760,287,25,4,8,2025-09-19,2025-09-19
2025-09-20,61856,92080,1.488619,319339,1383,780,275,16,2,8,2025-09-20,2025-09-20
2025-09-21,62969,96152,1.526974,333212,1371,764,378,26,1,19,2025-09-21,2025-09-21
2025-09-22,62940,89453,1.421242,324230,1284,709,224,25,4,12,2025-09-22,2025-09-22
2025-09-23,59534,88703,1.489955,328829,1493,856,390,27,2,18,2025-09-23,2025-09-23
2025-09-24,56013,81784,1.46009,296266,1302,723,366,31,4,14,2025-09-24,2025-09-24
2025-09-25,51666,77324,1.496613,296752,1207,667,304,31,6,20,2025-09-25,2025-09-25
2025-09-26,50295,76777,1.526533,301269,1285,734,254,14,1,13,2025-09-26,2025-09-26
2025-09-27,61325,90578,1.477016,320318,1352,758,415,31,9,18,2025-09-27,2025-09-27
2025-09-28,55709,83126,1.492147,289938,1341,775,412,24,2,10,2025-09-28,2025-09-28
2025-09-29,59993,83353,1.389379,283527,1260,733,496,29,2,19,2025-09-29,2025-09-29
2025-09-30,18183,22512,1.23808,88710,414,234,193,25,2,18,2025-09-30,2025-09-30
2025-10-01,0,0,0.0,0,,,44,5,,2,2025-10-01,2025-10-01
2025-10-02,0,0,0.0,0,,,45,6,1,4,2025-10-02,2025-10-02
2025-10-03,64430,89879,1.394987,340370,1921,1166,660,33,3,5,2025-10-03,2025-10-03
2025-10-04,91512,129429,1.414339,465137,2436,1352,736,39,6,17,2025-10-04,2025-10-04
2025-10-05,106188,144324,1.359137,436231,2504,1341,799,45,8,33,2025-10-05,2025-10-05
2025-10-06,105675,142624,1.349648,405980,2205,1154,631,47,4,24,2025-10-06,2025-10-06
2025-10-07,108146,145486,1.345274,409359,2215,1160,596,39,2,14,2025-10-07,2025-10-07
2025-10-08,118072,156074,1.321854,427835,2365,1172,823,45,6,14,2025-10-08,2025-10-08
2025-10-09,97730,130011,1.330308,387252,2331,1286,480,33,5,10,2025-10-09,2025-10-09
2025-10-10,88489,118176,1.335488,402783,2079,1134,567,40,15,2,2025-10-10,2025-10-10
2025-10-11,88546,121102,1.367673,448667,2653,1446,660,34,3,18,2025-10-11,2025-10-11
2025-10-12,84599,119599,1.413716,414456,2258,1218,496,27,3,18,2025-10-12,2025-10-12
2025-10-13,89826,123033,1.369681,434002,2266,1205,523,34,4,13,2025-10-13,2025-10-13
2025-10-14,75982,107018,1.408465,381069,2087,1189,546,35,9,20,2025-10-14,2025-10-14
2025-10-15,75505,101019,1.337911,370258,1939,1092,443,31,5,13,2025-10-15,2025-10-15
2025-10-16,171554,271158,1.580599,1099062,4354,2281,1703,100,17,61,2025-10-16,2025-10-16
2025-10-17,147580,236653,1.603557,932617,4178,2185,979,68,14,39,2025-10-17,2025-10-17
2025-10-18,163553,263249,1.609564,1018274,4261,2171,1107,66,7,51,2025-10-18,2025-10-18
2025-10-19,162898,269266,1.652973,1027938,4093,2020,1205,72,9,80,2025-10-19,2025-10-19
2025-10-20,150031,249336,1.661897,978348,3674,1789,1068,69,10,68,2025-10-20,2025-10-20
2025-10-21,61357,92604,1.509265,460257,2301,1397,670,43,5,18,2025-10-21,2025-10-21
2025-10-22,52123,84729,1.625559,476536,2392,1515,734,48,8,21,2025-10-22,2025-10-22
2025-10-23,49922,82675,1.656083,441719,2093,1264,603,49,6,27,2025-10-23,2025-10-23
2025-10-24,54522,87722,1.608929,456761,2143,1256,466,24,4,17,2025-10-24,2025-10-24
2025-10-25,66507,105666,1.588795,477776,2125,1291,591,32,3,18,2025-10-25,2025-10-25
2025-10-26,60125,102495,1.704699,499399,2123,1213,685,56,10,39,2025-10-26,2025-10-26
2025-10-27,62966,98012,1.556586,471715,2042,1211,631,59,10,40,2025-10-27,2025-10-27
2025-10-28,54651,86084,1.575159,429571,1852,1117,597,68,13,54,2025-10-28,2025-10-28
2025-10-29,21068,30885,1.465967,182508,784,535,204,21,2,8,2025-10-29,2025-10-29
2025-10-30,18537,25943,1.399525,161575,715,487,155,11,1,6,2025-10-30,2025-10-30
2025-10-31,7416,9327,1.257686,56689,212,150,156,17,2,8,2025-10-31,2025-10-31
2025-11-01,157670,251055,1.592281,763972,4586,2509,1245,81,8,20,2025-11-01,2025-11-01
2025-11-02,181621,275020,1.514252,819706,5137,2832,1112,54,3,32,2025-11-02,2025-11-02
2025-11-03,178392,269781,1.512293,768244,4666,2541,1138,70,6,26,2025-11-03,2025-11-03
2025-11-04,148084,244755,1.652812,700275,4305,2324,994,54,4,28,2025-11-04,2025-11-04
2025-11-05,138572,212827,1.535859,721094,3613,2021,1040,74,10,36,2025-11-05,2025-11-05
2025-11-06,139933,205695,1.469953,724953,3774,2114,948,77,12,40,2025-11-06,2025-11-06
2025-11-07,132491,200577,1.513892,711479,3144,1707,785,53,7,24,2025-11-07,2025-11-07
2025-11-08,151718,220177,1.451225,794975,3529,1967,820,53,10,36,2025-11-08,2025-11-08
2025-11-09,149507,214804,1.436749,756664,3616,1967,823,50,4,19,2025-11-09,2025-11-09
2025-11-10,147505,208891,1.416162,731172,3363,1698,929,77,11,32,2025-11-10,2025-11-10
2025-11-11,155210,214183,1.379956,740859,3140,1577,576,51,9,18,2025-11-11,2025-11-11
2025-11-12,129186,192792,1.49236,763795,3675,1927,812,65,7,30,2025-11-12,2025-11-12
2025-11-13,135966,200291,1.473096,739260,3594,1795,651,52,11,16,2025-11-13,2025-11-13
2025-11-14,123496,193391,1.56597,729282,3351,1632,712,52,3,32,2025-11-14,2025-11-14
2025-11-15,131728,206545,1.567966,791441,3632,1782,750,65,8,32,2025-11-15,2025-11-15
2025-11-16,133293,209280,1.570075,777013,4043,2072,678,53,4,28,2025-11-16,2025-11-16
2025-11-17,156772,229024,1.460873,753603,3959,1841,889,74,10,30,2025-11-17,2025-11-17
2025-11-18,142708,221809,1.554286,720707,4018,1838,742,53,5,56,2025-11-18,2025-11-18
2025-11-19,145743,213050,1.46182,678714,3713,1645,679,48,7,26,2025-11-19,2025-11-19
2025-11-20,126064,186167,1.476766,656022,3484,1582,746,59,7,32,2025-11-20,2025-11-20
2025-11-21,130284,201260,1.544779,718286,3398,1606,766,49,6,42,2025-11-21,2025-11-21
2025-11-22,58554,79964,1.365645,322060,1726,1118,278,20,1,12,2025-11-22,2025-11-22
2025-11-23,67809,85749,1.264567,316746,1866,1206,345,24,2,12,2025-11-23,2025-11-23
2025-11-24,244638,375529,1.53504,1449445,6460,3641,2586,146,23,114,2025-11-24,2025-11-24
2025-11-25,315600,544471,1.725193,2523003,8164,4531,3590,162,20,108,2025-11-25,2025-11-25
2025-11-26,303925,516887,1.700706,2544236,7346,3905,3190,157,21,135,2025-11-26,2025-11-26
2025-11-27,261178,451077,1.727087,2529382,6391,3332,2306,151,21,109,2025-11-27,2025-11-27
2025-11-28,236567,405493,1.714073,2749876,5889,3063,2543,157,30,136,2025-11-28,2025-11-28
2025-11-29,469785,653742,1.391577,3258402,7879,3210,2328,149,23,93,2025-11-29,2025-11-29
2025-11-30,104144,157098,1.508469,1135895,2538,1375,1520,113,28,124,2025-11-30,2025-11-30
2025-12-01,343852,522221,1.518738,1975502,7109,4478,2040,162,36,136,2025-12-01,2025-12-01
2025-12-02,373359,657741,1.761685,3110076,8046,5127,4329,259,44,260,2025-12-02,2025-12-02
2025-12-03,88943,161149,1.811823,822992,3633,2303,1472,119,15,50,2025-12-03,2025-12-03
2025-12-04,87185,152743,1.751941,687754,3347,1972,1086,103,18,30,2025-12-04,2025-12-04
2025-12-05,89055,154613,1.736152,680489,2942,1727,870,77,9,32,2025-12-05,2025-12-05
2025-12-06,102673,165034,1.607375,739622,3104,1852,706,52,2,18,2025-12-06,2025-12-06
2025-12-07,96470,152940,1.585363,665907,2611,1534,587,40,5,32,2025-12-07,2025-12-07
2025-12-08,123629,205908,1.665532,762973,3264,1872,963,67,11,28,2025-12-08,2025-12-08
2025-12-09,113505,183506,1.616722,722458,3040,1695,727,68,12,48,2025-12-09,2025-12-09
2025-12-10,101093,168692,1.668681,658618,2772,1565,908,73,10,42,2025-12-10,2025-12-10
2025-12-11,108817,177481,1.631004,719890,3133,1752,767,59,8,28,2025-12-11,2025-12-11
2025-12-12,103081,178501,1.731658,674649,2798,1470,563,32,4,26,2025-12-12,2025-12-12
2025-12-13,110522,192554,1.742223,696800,3061,1626,756,37,2,22,2025-12-13,2025-12-13
2025-12-14,112792,189669,1.681582,747348,2875,1532,751,59,8,44,2025-12-14,2025-12-14
2025-12-15,110750,191987,1.733517,761309,2972,1589,830,74,7,32,2025-12-15,2025-12-15
2025-12-16,105172,181008,1.721066,700984,2938,1478,786,62,8,38,2025-12-16,2025-12-16
2025-12-17,101521,170261,1.677101,701334,2744,1462,843,81,14,43,2025-12-17,2025-12-17
2025-12-18,110969,178557,1.609071,701999,2451,1276,750,70,5,43,2025-12-18,2025-12-18
2025-12-19,101141,175295,1.733174,687242,2651,1372,689,62,7,20,2025-12-19,2025-12-19
2025-12-20,108492,182198,1.679368,703505,2890,1521,570,44,6,26,2025-12-20,2025-12-20
2025-12-21,113178,187737,1.658776,726712,3084,1655,750,56,6,34,2025-12-21,2025-12-21
2025-12-22,115851,195553,1.68797,689787,2939,1538,543,49,6,24,2025-12-22,2025-12-22
2025-12-23,112629,186444,1.655382,667723,2662,1367,449,41,5,26,2025-12-23,2025-12-23
2025-12-24,106173,182399,1.717941,594492,2379,1097,410,34,6,18,2025-12-24,2025-12-24
2025-12-25,167320,280610,1.677086,801958,3885,1964,614,49,7,26,2025-12-25,2025-12-25
2025-12-26,121714,217000,1.782868,675728,3417,1690,568,48,6,40,2025-12-26,2025-12-26
2025-12-27,138743,236529,1.7048,707950,3555,1768,709,60,9,24,2025-12-27,2025-12-27
2025-12-28,133485,228507,1.711855,665400,3591,1841,900,63,13,46,2025-12-28,2025-12-28
2025-12-29,122421,219079,1.789554,645861,3399,1690,603,60,9,42,2025-12-29,2025-12-29
2025-12-30,130340,215883,1.656307,618338,2882,1338,469,36,3,26,2025-12-30,2025-12-30
2025-12-31,61543,89244,1.450108,283692,1198,555,277,27,6,22,2025-12-31,2025-12-31
2026-01-01,22447,29331,1.306678,94279,665,431,114,10,,2,2026-01-01,2026-01-01
2026-01-02,205003,325073,1.585699,565219,4237,1703,1289,76,6,20,2026-01-02,2026-01-02
2026-01-03,225704,413040,1.830007,743834,4290,1601,1086,60,2,20,2026-01-03,2026-01-03
2026-01-04,192155,345674,1.798933,712730,4188,1669,1037,61,3,20,2026-01-04,2026-01-04
2026-01-05,173737,315697,1.817097,710074,3643,1437,802,56,9,32,2026-01-05,2026-01-05
2026-01-06,145132,283684,1.954662,708253,3504,1419,786,58,3,36,2026-01-06,2026-01-06
2026-01-07,145821,274445,1.882068,699075,3448,1480,910,62,9,54,2026-01-07,2026-01-07
2026-01-08,147581,273367,1.852318,721760,3333,1449,920,59,10,34,2026-01-08,2026-01-08
2026-01-09,134223,254677,1.897417,693892,3103,1340,629,54,3,24,2026-01-09,2026-01-09
2026-01-10,109429,162524,1.4852,442411,2235,1112,479,45,3,18,2026-01-10,2026-01-10
2026-01-11,119228,180244,1.511759,455259,2195,1142,601,34,2,20,2026-01-11,2026-01-11
2026-01-12,121053,175885,1.452959,474626,2290,1182,663,45,2,22,2026-01-12,2026-01-12
2026-01-13,145914,253027,1.734083,633730,3139,1265,749,42,4,24,2026-01-13,2026-01-13
2026-01-14,116013,212352,1.830416,621414,2541,1032,687,47,4,28,2026-01-14,2026-01-14
2026-01-15,117959,217772,1.846167,652306,2917,1244,725,42,5,18,2026-01-15,2026-01-15
2026-01-16,108294,196026,1.810128,628258,2639,1098,729,40,8,30,2026-01-16,2026-01-16
2026-01-17,112438,190798,1.696917,648232,2760,1348,859,39,7,32,2026-01-17,2026-01-17
2026-01-18,106914,195597,1.82948,664184,2788,1261,705,49,2,28,2026-01-18,2026-01-18
2026-01-19,100016,189606,1.895757,618408,2559,1177,691,47,3,36,2026-01-19,2026-01-19
2026-01-20,96533,172495,1.786902,635612,2674,1274,705,54,5,32,2026-01-20,2026-01-20
2026-01-21,77409,130548,1.686471,620546,2659,1394,595,46,5,26,2026-01-21,2026-01-21
2026-01-22,67061,111401,1.661189,599128,2801,1524,790,57,9,32,2026-01-22,2026-01-22
2026-01-23,70973,121966,1.718484,625087,2639,1335,625,38,7,10,2026-01-23,2026-01-23
2026-01-24,86615,145945,1.684985,653725,2874,1459,496,33,4,22,2026-01-24,2026-01-24
2026-01-25,76660,131896,1.720532,618354,2805,1501,653,45,4,24,2026-01-25,2026-01-25
2026-01-26,80160,133385,1.663985,577172,2454,1135,747,35,4,32,2026-01-26,2026-01-26
2026-01-27,85036,137008,1.611176,628295,2651,1431,390,33,6,12,2026-01-27,2026-01-27
2026-01-28,84265,143594,1.704076,657268,2907,1527,593,51,6,24,2026-01-28,2026-01-28
2026-01-29,80246,133691,1.666015,583200,2896,1606,643,40,2,24,2026-01-29,2026-01-29
2026-01-30,71471,122618,1.715633,551531,2505,1368,591,29,2,18,2026-01-30,2026-01-30
2026-01-31,16454,24021,1.459888,132615,509,312,311,23,3,20,2026-01-31,2026-01-31
2026-02-01,12226,28771,2.353264,175076,376,209,148,13,3,14,2026-02-01,2026-02-01
2026-02-02,87872,161326,1.83592,740019,3235,1596,859,55,8,35,2026-02-02,2026-02-02
2026-02-03,130181,228822,1.757722,1032941,5024,2336,832,61,7,22,2026-02-03,2026-02-03
2026-02-04,102044,190280,1.864686,980857,4649,2279,826,63,6,46,2026-02-04,2026-02-04
2026-02-05,124196,229032,1.844117,1062760,5047,2452,845,51,3,40,2026-02-05,2026-02-05
2026-02-06,141502,245607,1.735714,1045918,5017,2342,803,41,5,23,2026-02-06,2026-02-06
2026-02-07,104477,179835,1.721288,772090,3822,1965,639,29,4,32,2026-02-07,2026-02-07
2026-02-08,83507,149330,1.788233,688906,3691,1871,747,45,5,28,2026-02-08,2026-02-08
2026-02-09,88201,157318,1.783631,687569,3632,1902,778,47,6,38,2026-02-09,2026-02-09
2026-02-10,77719,134464,1.73013,657748,2775,1422,540,36,4,20,2026-02-10,2026-02-10
2026-02-11,102959,159673,1.550841,692634,3086,1584,664,53,5,28,2026-02-11,2026-02-11
2026-02-12,74971,126821,1.691601,633242,2715,1379,568,33,4,18,2026-02-12,2026-02-12
2026-02-13,91632,146392,1.597608,632883,2884,1425,461,22,1,20,2026-02-13,2026-02-13
2026-02-14,38328,54849,1.431043,264900,1163,748,347,16,3,26,2026-02-14,2026-02-14
2026-02-15,39953,60513,1.514605,265860,1229,798,333,18,3,12,2026-02-15,2026-02-15
2026-02-16,63519,107672,1.695115,521362,2334,1395,824,72,6,24,2026-02-16,2026-02-16
2026-02-17,50551,89649,1.773437,405519,1932,1165,468,28,1,18,2026-02-17,2026-02-17
2026-02-18,61818,105277,1.703015,568914,2357,1400,565,37,4,26,2026-02-18,2026-02-18
2026-02-19,69471,115759,1.666292,594635,2605,1482,597,37,4,40,2026-02-19,2026-02-19
2026-02-20,59257,101230,1.708321,585861,2458,1431,582,39,4,32,2026-02-20,2026-02-20
2026-02-21,52893,95765,1.810542,597534,2248,1268,432,28,8,25,2026-02-21,2026-02-21
2026-02-22,61661,100557,1.630804,564967,2208,1305,484,26,3,20,2026-02-22,2026-02-22
2026-02-23,64232,108493,1.68908,603467,2449,1353,554,41,4,36,2026-02-23,2026-02-23
2026-02-24,31966,55837,1.746762,380883,1555,889,234,30,4,6,2026-02-24,2026-02-24
2026-02-25,26927,47776,1.774279,329806,1336,765,345,25,2,18,2026-02-25,2026-02-25
2026-02-26,15237,26319,1.727309,213293,1000,626,222,30,7,14,2026-02-26,2026-02-26
2026-02-27,12492,21469,1.71862,164065,700,451,175,19,1,10,2026-02-27,2026-02-27
2026-02-28,4496,6963,1.54871,53201,165,106,105,12,3,14,2026-02-28,2026-02-28
2026-03-01,26890,44396,1.651023,295139,1299,842,232,11,3,10,2026-03-01,2026-03-01
2026-03-02,30037,48399,1.611313,314578,1560,1017,229,19,2,22,2026-03-02,2026-03-02
2026-03-03,34480,54897,1.59214,328243,1813,1113,268,15,1,10,2026-03-03,2026-03-03
2026-03-04,36162,63034,1.7431,388109,1828,1084,274,19,2,18,2026-03-04,2026-03-04
2026-03-05,32405,59523,1.836846,403668,1811,1082,302,21,2,18,2026-03-05,2026-03-05
2026-03-06,32550,60343,1.853856,417120,1929,1176,372,15,4,16,2026-03-06,2026-03-06
2026-03-07,31968,59877,1.873029,425426,1943,1231,356,15,1,16,2026-03-07,2026-03-07
2026-03-08,39735,72411,1.822348,395061,1811,1074,311,17,3,14,2026-03-08,2026-03-08
2026-03-09,42399,75983,1.792094,385098,2116,1291,266,19,,16,2026-03-09,2026-03-09
2026-03-10,50438,85256,1.690313,482302,3163,1827,208,14,3,6,2026-03-10,2026-03-10
2026-03-11,59055,93261,1.579223,515208,3014,1619,327,29,4,16,2026-03-11,2026-03-11
2026-03-12,66462,99758,1.500978,529302,3532,1884,365,19,2,20,2026-03-12,2026-03-12
2026-03-13,52691,90226,1.712361,529425,3562,1980,310,19,1,18,2026-03-13,2026-03-13
2026-03-14,55334,91399,1.651769,535842,3742,2126,337,18,3,22,2026-03-14,2026-03-14
2026-03-15,52254,89622,1.715122,497595,3397,1908,307,18,6,22,2026-03-15,2026-03-15
2026-03-16,37303,54922,1.472321,361209,2066,1334,185,8,1,22,2026-03-16,2026-03-16
2026-03-17,38402,55396,1.442529,347327,2296,1392,292,20,3,16,2026-03-17,2026-03-17
2026-03-18,29489,46469,1.575808,326990,2366,1488,178,10,5,10,2026-03-18,2026-03-18
2026-03-19,31755,49782,1.56769,347343,2672,1678,263,13,3,10,2026-03-19,2026-03-19
2026-03-20,27542,43227,1.569494,325914,2277,1464,235,11,4,10,2026-03-20,2026-03-20
2026-03-21,27591,44211,1.60237,339394,2326,1395,322,9,,12,2026-03-21,2026-03-21
2026-03-22,27689,46624,1.683846,322375,2270,1481,245,10,3,13,2026-03-22,2026-03-22
2026-03-23,31980,52321,1.636054,346593,2404,1641,386,11,3,17,2026-03-23,2026-03-23
2026-03-24,31430,52492,1.670124,303283,2160,1408,254,8,3,10,2026-03-24,2026-03-24
2026-03-25,31615,50525,1.598134,296769,2199,1418,282,9,1,12,2026-03-25,2026-03-25
2026-03-26,31751,50525,1.591288,289179,2365,1593,174,11,2,4,2026-03-26,2026-03-26
2026-03-27,121134,241042,1.989879,1380032,7065,3686,1515,59,18,26,2026-03-27,2026-03-27
2026-03-28,116493,227588,1.953662,1274522,6835,3521,921,26,5,37,2026-03-28,2026-03-28
2026-03-29,144998,268287,1.850281,1253926,6696,3583,927,35,9,37,2026-03-29,2026-03-29
2026-03-30,118505,210392,1.775385,1017541,5458,2874,692,33,6,26,2026-03-30,2026-03-30
2026-03-31,80481,148232,1.841826,753041,3344,1724,564,28,1,20,2026-03-31,2026-03-31
2026-04-01,83422,153391,1.838736,628006,3027,1710,786,46,10,36,2026-04-01,2026-04-01
2026-04-02,85834,170638,1.988,604927,3745,2109,624,32,3,18,2026-04-02,2026-04-02
2026-04-03,90079,169960,1.886788,595224,3802,2157,564,26,4,17,2026-04-03,2026-04-03
2026-04-04,107281,196418,1.830874,607948,3688,2123,456,17,2,10,2026-04-04,2026-04-04
2026-04-05,112731,199564,1.770267,616009,3764,2188,604,28,7,26,2026-04-05,2026-04-05
2026-04-06,99049,182390,1.841412,608867,3741,2162,488,43,14,35,2026-04-06,2026-04-06
2026-04-07,85653,160373,1.872357,608460,4189,2402,387,17,1,20,2026-04-07,2026-04-07
2026-04-08,78847,139610,1.770644,560405,3238,1698,338,28,6,15,2026-04-08,2026-04-08
2026-04-09,72071,129791,1.800877,554611,3160,1795,301,17,1,10,2026-04-09,2026-04-09
2026-04-10,74170,130429,1.758514,579555,3716,2309,208,14,3,20,2026-04-10,2026-04-10
2026-04-11,58413,92488,1.583346,443135,2948,2030,163,13,4,21,2026-04-11,2026-04-11
2026-04-12,61827,97928,1.583903,436802,2531,1662,193,13,2,20,2026-04-12,2026-04-12
2026-04-13,57026,89884,1.576193,411967,2519,1719,215,21,3,20,2026-04-13,2026-04-13
2026-04-14,56269,90893,1.61533,424343,2674,1707,310,24,2,18,2026-04-14,2026-04-14
2026-04-15,48205,76724,1.591619,402442,2292,1352,411,20,2,10,2026-04-15,2026-04-15
2026-04-16,51938,80849,1.556644,402027,2147,1262,442,22,5,28,2026-04-16,2026-04-16
2026-04-17,50527,77496,1.533754,395336,2263,1320,391,21,3,18,2026-04-17,2026-04-17
2026-04-18,52037,75958,1.459692,387432,2315,1376,364,23,3,15,2026-04-18,2026-04-18
2026-04-19,54780,81162,1.481599,391172,2209,1406,323,17,1,16,2026-04-19,2026-04-19
2026-04-20,53524,82290,1.537441,399447,2042,1200,382,24,,24,2026-04-20,2026-04-20
2026-04-21,56572,88776,1.569257,388592,2097,1202,382,23,1,18,2026-04-21,2026-04-21
2026-04-22,44885,73735,1.642754,364828,2096,1253,282,15,1,16,2026-04-22,2026-04-22
2026-04-23,48367,79263,1.638783,393313,2311,1353,356,15,,8,2026-04-23,2026-04-23
2026-04-24,48961,78781,1.609056,368852,2282,1368,262,16,2,16,2026-04-24,2026-04-24
2026-04-25,46605,73072,1.5679,370718,2287,1354,265,16,3,16,2026-04-25,2026-04-25
2026-04-26,50069,78497,1.567776,386454,2215,1376,360,14,3,14,2026-04-26,2026-04-26
2026-04-27,45948,74025,1.61106,332320,1975,1207,439,26,4,20,2026-04-27,2026-04-27
2026-04-28,38805,61169,1.576317,315084,2034,1230,240,26,4,8,2026-04-28,2026-04-28
2026-04-29,40522,62429,1.54062,286777,1980,1220,300,28,5,14,2026-04-29,2026-04-29
2026-04-30,13342,16560,1.241193,77815,391,228,125,10,1,21,2026-04-30,2026-04-30
2026-05-01,10914,22977,2.105278,199635,497,310,229,21,4,17,2026-05-01,2026-05-01
2026-05-02,14156,26499,1.871927,212028,567,353,239,11,,14,2026-05-02,2026-05-02
2026-05-03,56770,99333,1.749745,639563,2543,1579,455,22,7,21,2026-05-03,2026-05-03
2026-05-04,127737,236444,1.851022,1183455,5033,2905,1513,80,18,82,2026-05-04,2026-05-04
2026-05-05,129698,228610,1.762633,1155025,5357,3138,1222,64,12,77,2026-05-05,2026-05-05
2026-05-06,146770,238291,1.623567,1175016,5439,3075,852,51,8,30,2026-05-06,2026-05-06
2026-05-07,122896,214303,1.743775,1090332,5031,2887,808,50,7,53,2026-05-07,2026-05-07
2026-05-08,129432,207997,1.606998,1157436,4864,2770,762,34,7,39,2026-05-08,2026-05-08
2026-05-09,141790,224822,1.585598,1155990,4859,2700,985,51,14,48,2026-05-09,2026-05-09
2026-05-10,152978,243948,1.594661,1159411,4407,2531,679,28,3,31,2026-05-10,2026-05-10
2026-05-11,143690,234043,1.628805,1247304,4784,2827,932,35,7,46,2026-05-11,2026-05-11
2026-05-12,131576,212811,1.6174,1222735,4909,2786,918,53,10,55,2026-05-12,2026-05-12
2026-05-13,126000,200296,1.589651,1149225,4997,2919,802,55,19,34,2026-05-13,2026-05-13
2026-05-14,130820,202553,1.548334,1126266,4696,2629,934,37,7,60,2026-05-14,2026-05-14
2026-05-15,170228,248632,1.460582,1089881,4621,2631,885,54,13,75,2026-05-15,2026-05-15
2026-05-16,52396,81114,1.548095,520838,3404,2034,599,31,7,37,2026-05-16,2026-05-16
2026-05-17,62486,120491,1.928288,816908,3700,2270,850,32,7,54,2026-05-17,2026-05-17
2026-05-18,72356,130603,1.805006,858252,4121,2612,754,40,7,46,2026-05-18,2026-05-18
2026-05-19,59775,118822,1.987821,849730,3899,2397,755,51,10,40,2026-05-19,2026-05-19
2026-05-20,62914,123667,1.965652,867757,4091,2543,788,57,18,74,2026-05-20,2026-05-20
2026-05-21,63940,116529,1.822474,753686,3885,2304,439,31,8,21,2026-05-21,2026-05-21
2026-05-22,65145,112533,1.727423,713166,3366,2053,388,15,2,17,2026-05-22,2026-05-22
2026-05-23,74007,126946,1.715324,791974,3860,2288,434,20,6,9,2026-05-23,2026-05-23
2026-05-24,64862,111592,1.720453,737808,3348,2012,512,22,8,27,2026-05-24,2026-05-24
2026-05-25,76062,131070,1.7232,789962,3589,2108,385,23,8,23,2026-05-25,2026-05-25
2026-05-26,62199,106928,1.719127,730199,3372,2030,384,13,2,7,2026-05-26,2026-05-26
2026-05-27,60774,103379,1.70104,747026,3337,1981,407,29,5,19,2026-05-27,2026-05-27
2026-05-28,59013,99341,1.683375,695918,2707,1658,440,33,6,26,2026-05-28,2026-05-28
2026-05-29,58903,101583,1.724581,718534,2699,1639,467,28,5,40,2026-05-29,2026-05-29
2026-05-30,51256,93658,1.827259,631968,2678,1617,370,21,6,35,2026-05-30,2026-05-30
2026-05-31,17826,24235,1.359531,115232,694,448,142,10,6,8,2026-05-31,2026-05-31
2026-06-01,86221,166478,1.930829,945109,4078,2547,1035,55,8,29,2026-06-01,2026-06-01
2026-06-02,72751,139303,1.914792,840489,3638,2269,874,30,5,30,2026-06-02,2026-06-02
2026-06-03,72984,128818,1.765017,743185,3227,1962,700,30,3,15,2026-06-03,2026-06-03
2026-06-04,70643,123478,1.747916,764055,3707,2300,576,25,3,24,2026-06-04,2026-06-04
2026-06-05,68556,113688,1.658323,730377,3356,2030,341,20,2,16,2026-06-05,2026-06-05
2026-06-06,81974,131942,1.609559,775863,3653,2295,461,14,4,10,2026-06-06,2026-06-06
2026-06-07,80241,138173,1.721975,852855,3968,2356,477,17,3,28,2026-06-07,2026-06-07
2026-06-08,81258,144503,1.778323,834141,4139,2586,575,28,3,24,2026-06-08,2026-06-08
2026-06-09,89105,143333,1.608585,763234,3599,2127,397,24,5,16,2026-06-09,2026-06-09
2026-06-10,73007,118888,1.628447,692675,2708,1686,389,20,4,12,2026-06-10,2026-06-10
2026-06-11,69720,125274,1.796816,883247,2920,1821,529,20,1,14,2026-06-11,2026-06-11
2026-06-12,76167,131615,1.727979,910128,2979,1786,421,23,1,10,2026-06-12,2026-06-12
2026-06-13,79347,140763,1.774018,983322,3327,2112,509,22,2,20,2026-06-13,2026-06-13
2026-06-14,84778,149057,1.758204,947686,3086,1853,401,18,2,18,2026-06-14,2026-06-14
2026-06-15,97884,167570,1.711924,961787,3596,2340,557,28,3,14,2026-06-15,2026-06-15
2026-06-16,77458,137549,1.775788,907224,3255,2075,464,41,3,18,2026-06-16,2026-06-16
2026-06-17,67615,117270,1.734378,737256,2763,1764,377,18,2,12,2026-06-17,2026-06-17
2026-06-18,43384,75121,1.731537,569767,2011,1291,316,15,1,12,2026-06-18,2026-06-18
2026-06-19,50622,105726,2.088539,775218,1855,1053,374,18,1,8,2026-06-19,2026-06-19
2026-06-20,56950,100767,1.769394,547523,1549,844,398,17,5,18,2026-06-20,2026-06-20
2026-06-21,94411,158658,1.680503,715535,1970,946,390,22,4,12,2026-06-21,2026-06-21
2026-06-22,69490,121232,1.744596,583579,1523,693,473,19,1,14,2026-06-22,2026-06-22
2026-06-23,118244,174788,1.478198,808176,1675,716,542,29,2,16,2026-06-23,2026-06-23
2026-06-24,71370,126823,1.776979,697621,1484,725,861,48,12,38,2026-06-24,2026-06-24
2026-06-25,47987,96983,2.021027,548863,1073,510,522,32,7,36,2026-06-25,2026-06-25
2026-06-26,71435,119380,1.67117,612735,1083,503,469,24,4,30,2026-06-26,2026-06-26
2026-06-27,53886,102894,1.909476,572945,1028,464,444,13,1,18,2026-06-27,2026-06-27
2026-06-28,73016,122054,1.671606,629037,1261,576,635,25,2,18,2026-06-28,2026-06-28
2026-06-29,57845,103474,1.788815,610209,1214,608,597,44,11,28,2026-06-29,2026-06-29
2026-06-30,25056,39919,1.593191,262463,456,250,416,35,6,25,2026-06-30,2026-06-30
2026-07-01,54612,112413,2.058394,935288,1643,884,478,28,4,30,2026-07-01,2026-07-01
2026-07-02,51551,98983,1.920099,707293,1473,785,345,22,6,18,2026-07-02,2026-07-02
2026-07-03,49155,97118,1.97575,664300,1426,781,795,38,6,30,2026-07-03,2026-07-03
2026-07-04,55364,105401,1.903782,639444,1427,774,684,35,4,30,2026-07-04,2026-07-04
2026-07-05,71513,137194,1.918448,855664,1872,1068,834,41,6,34,2026-07-05,2026-07-05
2026-07-06,67722,131705,1.944789,803371,1565,838,755,44,4,32,2026-07-06,2026-07-06
2026-07-07,58815,125631,2.136037,773769,1569,814,587,28,5,38,2026-07-07,2026-07-07
2026-07-08,73180,139420,1.905165,789078,1929,1053,552,31,,28,2026-07-08,2026-07-08
2026-07-09,79813,149042,1.86739,768635,2184,1210,595,27,3,20,2026-07-09,2026-07-09
2026-07-10,61570,124135,2.01616,723913,2033,974,559,27,4,16,2026-07-10,2026-07-10
2026-07-11,74728,132076,1.767423,718977,2067,1033,536,21,7,22,2026-07-11,2026-07-11
2026-07-12,70403,125491,1.782467,838759,1866,986,758,30,5,28,2026-07-12,2026-07-12
2026-07-13,63104,118182,1.872813,763155,1768,930,491,34,3,16,2026-07-13,2026-07-13
2026-07-14,64149,122581,1.910879,798365,2023,1119,674,38,4,26,2026-07-14,2026-07-14
2026-07-15,54731,111648,2.039941,790440,1909,983,512,29,5,12,2026-07-15,2026-07-15
2026-07-16,59821,112231,1.876114,728989,1758,884,614,38,2,22,2026-07-16,2026-07-16
2026-07-17,50592,106172,2.098593,792467,1945,1072,732,47,7,41,2026-07-17,2026-07-17
2026-07-18,51531,97816,1.898197,703199,1552,829,601,27,3,22,2026-07-18,2026-07-18
2026-07-19,48214,101278,2.100593,760842,1765,976,782,19,4,20,2026-07-19,2026-07-19
2026-07-20,64356,126310,1.962676,828198,2219,1145,711,38,10,44,2026-07-20,2026-07-20
2026-07-21,70865,133167,1.879165,806115,2281,1184,462,24,6,22,2026-07-21,2026-07-21
2026-07-22,55476,116528,2.100512,790301,2085,1080,423,28,2,14,2026-07-22,2026-07-22
2026-07-23,58622,118811,2.026731,784444,2055,981,350,26,5,13,2026-07-23,2026-07-23
2026-07-24,61381,126833,2.066323,817939,2058,930,316,20,2,18,2026-07-24,2026-07-24
2026-07-25,63706,125170,1.964807,812006,2083,967,419,14,1,14,2026-07-25,2026-07-25
2026-07-26,62576,127613,2.039328,807138,2100,1001,400,18,6,17,2026-07-26,2026-07-26
2026-07-27,68825,135593,1.970113,776862,2253,1024,335,20,3,14,2026-07-27,2026-07-27
2026-07-28,79091,140826,1.780557,846434,2131,978,412,28,4,28,2026-07-28,2026-07-28
2026-07-29,74055,139176,1.87936,846031,2312,1046,340,23,3,21,2026-07-29,2026-07-29
2026-07-30,72340,131558,1.818607,808336,2157,1081,559,31,4,22,2026-07-30,2026-07-30
2026-07-31,73202,145285,1.984714,918095,2322,1108,400,20,3,22,2026-07-31,2026-07-31
2026-08-01,73209,120326,1.643596,654945,2038,933,325,27,6,26,2026-08-01,2026-08-01
2026-08-02,64709,122185,1.888223,790818,2290,1125,486,15,1,22,2026-08-02,2026-08-02
2026-08-03,125932,216665,1.720492,1028986,3414,1757,509,29,3,28,2026-08-03,2026-08-03
2026-08-04,111771,197601,1.767909,1062947,2969,1442,432,31,5,14,2026-08-04,2026-08-04
2026-08-05,117931,214150,1.815892,1208171,3602,1809,536,34,5,19,2026-08-05,2026-08-05
2026-08-06,148412,301852,2.033879,2075083,4293,2821,3181,150,52,149,2026-08-06,2026-08-06
2026-08-07,148985,298202,2.001557,1604857,3235,2233,2196,143,56,151,2026-08-07,2026-08-07
2026-08-08,128168,258247,2.01491,1535461,2871,2201,2356,126,50,119,2026-08-08,2026-08-08
2026-08-09,148705,312358,2.100521,1762811,3801,3014,2709,118,54,137,2026-08-09,2026-08-09
2026-08-10,112898,207096,1.834364,959345,1713,1198,1170,64,22,55,2026-08-10,2026-08-10
2026-08-11,0,0,0.0,0,,1,135,12,3,20,2026-08-11,2026-08-11
2026-08-12,0,0,0.0,0,,,101,6,1,10,2026-08-12,2026-08-12
2026-08-13,0,0,0.0,0,,,109,5,1,6,2026-08-13,2026-08-13
2026-08-14,33315,40317,1.210176,133564,368,243,286,27,13,18,2026-08-14,2026-08-14
2026-08-15,110864,205641,1.854894,1116038,1302,897,702,38,15,60,2026-08-15,2026-08-15
2026-08-16,87566,241803,2.76138,1566067,1581,1132,1257,61,33,86,2026-08-16,2026-08-16
2026-08-17,108684,266686,2.453774,1545870,2358,1786,1738,102,37,120,2026-08-17,2026-08-17
2026-08-18,138058,290605,2.104949,1673304,2638,1962,2121,104,43,113,2026-08-18,2026-08-18
2026-08-19,153235,278619,1.818246,1662988,3236,2657,2464,107,45,129,2026-08-19,2026-08-19
2026-08-20,128281,238564,1.859699,1443634,2514,1904,1612,95,49,105,2026-08-20,2026-08-20
2026-08-21,125788,231765,1.842505,1488324,2318,1621,1655,100,48,105,2026-08-21,2026-08-21
2026-08-22,137815,253979,1.842898,1675287,2569,1800,1873,96,50,120,2026-08-22,2026-08-22
2026-08-23,121618,232417,1.911041,1611708,2455,1958,1935,109,57,116,2026-08-23,2026-08-23
2026-08-24,140077,262935,1.877075,1569627,2255,1641,1592,99,39,109,2026-08-24,2026-08-24
2026-08-25,125128,226380,1.809187,1333036,2198,1648,1409,108,48,111,2026-08-25,2026-08-25
2026-08-26,127514,228326,1.790596,1415931,2083,1442,1579,100,48,108,2026-08-26,2026-08-26
2026-08-27,70181,172448,2.457189,1143040,1601,1046,695,46,17,34,2026-08-27,2026-08-27
2026-08-28,88174,197962,2.245129,1295435,1720,1181,659,42,16,39,2026-08-28,2026-08-28
2026-08-29,88697,209287,2.359572,1406719,1775,1201,658,54,21,49,2026-08-29,2026-08-29
2026-08-30,81882,209275,2.555812,1541382,1834,1278,872,68,22,70,2026-08-30,2026-08-30
2026-08-31,103097,258783,2.510092,1693313,2220,1631,1415,87,34,91,2026-08-31,2026-08-31
2026-09-01,56147,120250,2.141699,918195,1938,1480,1615,74,24,41,2026-09-01,2026-09-01
2026-09-02,48348,95510,1.97547,547087,1451,1070,995,45,10,42,2026-09-02,2026-09-02
2026-09-03,52025,99551,1.913522,498389,1233,826,776,38,11,53,2026-09-03,2026-09-03
2026-09-04,58359,111405,1.90896,572195,1277,929,878,50,13,59,2026-09-04,2026-09-04
2026-09-05,67587,120876,1.78845,676923,1295,897,737,38,17,46,2026-09-05,2026-09-05
2026-09-06,51764,104047,2.010026,669907,1306,965,883,41,21,53,2026-09-06,2026-09-06
2026-09-07,59451,108640,1.827387,683326,1266,964,947,46,18,33,2026-09-07,2026-09-07
2026-09-08,45429,88444,1.946862,573558,1031,822,640,37,10,19,2026-09-08,2026-09-08
2026-09-09,39842,81291,2.040334,521029,977,677,590,31,5,15,2026-09-09,2026-09-09
2026-09-10,46539,102740,2.207611,589864,1176,734,747,54,26,34,2026-09-10,2026-09-10
2026-09-11,49423,103462,2.093398,626578,1125,669,664,38,13,41,2026-09-11,2026-09-11
2026-09-12,46082,100598,2.183022,615435,1103,736,828,45,15,55,2026-09-12,2026-09-12
2026-09-13,47211,105743,2.239796,735511,1297,892,911,36,9,34,2026-09-13,2026-09-13
2026-09-14,40531,94866,2.340579,604558,1150,786,558,42,22,46,2026-09-14,2026-09-14
2026-09-15,41295,92989,2.251822,606938,1012,702,577,36,9,42,2026-09-15,2026-09-15
2026-09-16,16634,28322,1.702657,221496,299,190,108,15,5,11,2026-09-16,2026-09-16
